,Data Field,Include (Y/N),Year
0,INC_KEY,0,2007
1,DCODE,0,2007
2,INC_KEY,0,2007
3,VSTYPE,0,2007
4,SBP,0,2007
5,PULSE,0,2007
6,RR,0,2007
7,OXYSAT,0,2007
8,SUPPOXY,0,2007
9,TEMP,0,2007
10,GCSEYE,0,2007
11,GCSVERB,0,2007
12,GCSMOT,0,2007
13,GCSTOT,0,2007
14,GCS_Q1,0,2007
15,GCS_Q2,0,2007
16,GCS_Q3,0,2007
17,RRAQ,0,2007
18,INC_KEY,0,2007
19,AISVER,0,2007
20,PREDOT,0,2007
21,SEVERITY,0,2007
22,INC_KEY,0,2007
23,DAYTOPROC,0,2007
24,HOURTOPRO,0,2007
25,pcode,0,2007
26,yoproc,0,2007
27,INC_KEY,0,2007
28,ECODE,0,2007
29,ECODE2,0,2007
30,INC_KEY,0,2007
31,COMPLKEY,0,2007
32,COMPLDES,0,2007
33,INC_KEY,0,2007
34,YOINJ,0,2007
35,YOADMIT,0,2007
36,WORKREL,0,2007
37,INDUSTRY,0,2007
38,OCCUPATION,0,2007
39,LECODE,0,2007
40,LOCATION,0,2007
41,TRANSFER,0,2007
42,ALCOHOL,0,2007
43,DRUG1,0,2007
44,DRUG2,0,2007
45,EDDISP,0,2007
46,EDDEATH,0,2007
47,EMSRESP,0,2007
48,EMSSCENE,0,2007
49,EMSDAYS,0,2007
50,EMSMINS,0,2007
51,EDMIN,0,2007
52,EDDAYS,0,2007
53,ISSLOC,0,2007
54,ISSAIS,0,2007
55,ISSICD,0,2007
56,ECODE,0,2007
57,ECODEDES,0,2007
58,INJTYPE,0,2007
59,INTENT,0,2007
60,MECHANISM,0,2007
61,INC_KEY,0,2007
62,PROTDEV,0,2007
63,CHILDRES,0,2007
64,AIRBAG,0,2007
65,INC_KEY,0,2007
66,HOSPDISP,0,2007
67,PAYMENT,0,2007
68,LOSMIN,0,2007
69,LOSDAYS,0,2007
70,ICUDAYS,0,2007
71,VENTDAYS,0,2007
72,YODISCH,0,2007
73,INC_KEY,0,2007
74,TRANTYPE,0,2007
75,TMODE,0,2007
76,INC_KEY,0,2007
77,AISVER,0,2007
78,PREDOT,0,2007
79,SEVERITY,0,2007
80,DCODE,0,2007
81,DCODEDES,0,2007
82,DXTYPE,0,2007
83,REGION1,0,2007
84,REGION2,0,2007
85,REGION3,0,2007
86,AISVER,0,2007
87,PREDOT,0,2007
88,SEVERITY,0,2007
89,AISDESC,0,2007
90,INC_KEY,0,2007
91,YOBIRTH,0,2007
92,AGE,0,2007
93,GENDER,0,2007
94,RACE1,0,2007
95,RACE2,0,2007
96,ETHNIC,0,2007
97,TEACHINGSTATUS,0,2007
98,ADULTVERIFICATIONLEVEL,0,2007
99,PEDIATRICVERIFICATIONLEVEL,0,2007
100,STATEDESIGNATION,0,2007
101,PEDIATRICSTATEDESIGNATION,0,2007
102,BEDSIZE,0,2007
103,HOSPITALTYPE,0,2007
104,INC_KEY,0,2007
105,COMORKEY,0,2007
106,COMORDES,0,2007
107,INC_KEY,0,2007
108,AISVER,0,2007
109,PREDOT,0,2007
110,SEVERITY,0,2007
111,PCODE,0,2007
112,PCODEDESCR,0,2007
113,INC_KEY,0,2008
114,DCODE,0,2008
115,INC_KEY,0,2008
116,VSTYPE,0,2008
117,SBP,0,2008
118,PULSE,0,2008
119,RR,0,2008
120,OXYSAT,0,2008
121,SUPPOXY,0,2008
122,TEMP,0,2008
123,GCSEYE,0,2008
124,GCSVERB,0,2008
125,GCSMOT,0,2008
126,GCSTOT,0,2008
127,GCS_Q1,0,2008
128,GCS_Q2,0,2008
129,GCS_Q3,0,2008
130,RRAQ,0,2008
131,INC_KEY,0,2008
132,AISVER,0,2008
133,PREDOT,0,2008
134,SEVERITY,0,2008
135,INC_KEY,0,2008
136,PCODE,0,2008
137,YOPROC,0,2008
138,DAYTOPROC,0,2008
139,HOURTOPRO,0,2008
140,INC_KEY,0,2008
141,ECODE,0,2008
142,ECODE2,0,2008
143,INC_KEY,0,2008
144,COMPLKEY,0,2008
145,COMPLDES,0,2008
146,INC_KEY,0,2008
147,YOINJ,0,2008
148,YOADMIT,0,2008
149,WORKREL,0,2008
150,INDUSTRY,0,2008
151,OCCUPATION,0,2008
152,LECODE,0,2008
153,LOCATION,0,2008
154,TRANSFER,0,2008
155,ALCOHOL,0,2008
156,DRUG1,0,2008
157,DRUG2,0,2008
158,EDDISP,0,2008
159,EDDEATH,0,2008
160,EMSRESP,0,2008
161,EMSSCENE,0,2008
162,EMSDAYS,0,2008
163,EMSMINS,0,2008
164,EDMIN,0,2008
165,EDDAYS,0,2008
166,ISSLOC,0,2008
167,ISSAIS,0,2008
168,ISSICD,0,2008
169,ECODE,0,2008
170,ECODEDES,0,2008
171,INJTYPE,0,2008
172,INTENT,0,2008
173,MECHANISM,0,2008
174,INC_KEY,0,2008
175,PROTDEV,0,2008
176,CHILDRES,0,2008
177,AIRBAG,0,2008
178,INC_KEY,0,2008
179,HOSPDISP,0,2008
180,PAYMENT,0,2008
181,LOSMIN,0,2008
182,LOSDAYS,0,2008
183,ICUDAYS,0,2008
184,VENTDAYS,0,2008
185,YODISCH,0,2008
186,INC_KEY,0,2008
187,TRANTYPE,0,2008
188,TMODE,0,2008
189,INC_KEY,0,2008
190,AISVER,0,2008
191,PREDOT,0,2008
192,SEVERITY,0,2008
193,DCODE,0,2008
194,DCODEDES,0,2008
195,DXTYPE,0,2008
196,REGION1,0,2008
197,REGION2,0,2008
198,REGION3,0,2008
199,AISVER,0,2008
200,PREDOT,0,2008
201,SEVERITY,0,2008
202,AISDESC,0,2008
203,INC_KEY,0,2008
204,YOBIRTH,0,2008
205,AGE,0,2008
206,GENDER,0,2008
207,RACE1,0,2008
208,RACE2,0,2008
209,ETHNIC,0,2008
210,TEACHINGSTATUS,0,2008
211,ADULTVERIFICATIONLEVEL,0,2008
212,PEDIATRICVERIFICATIONLEVEL,0,2008
213,STATEDESIGNATION,0,2008
214,PEDIATRICSTATEDESIGNATION,0,2008
215,BEDSIZE,0,2008
216,HOSPITALTYPE,0,2008
217,INC_KEY,0,2008
218,COMORKEY,0,2008
219,COMORDES,0,2008
220,INC_KEY,0,2008
221,AISVER,0,2008
222,PREDOT,0,2008
223,SEVERITY,0,2008
224,PCODE,0,2008
225,PCODEDESCR,0,2008
226,INC_KEY,0,2009
227,DCODE,0,2009
228,INC_KEY,0,2009
229,VSTYPE,0,2009
230,SBP,0,2009
231,PULSE,0,2009
232,RR,0,2009
233,OXYSAT,0,2009
234,SUPPOXY,0,2009
235,TEMP,0,2009
236,GCSEYE,0,2009
237,GCSVERB,0,2009
238,GCSMOT,0,2009
239,GCSTOT,0,2009
240,GCS_Q1,0,2009
241,GCS_Q2,0,2009
242,GCS_Q3,0,2009
243,RRAQ,0,2009
244,INC_KEY,0,2009
245,AISVER,0,2009
246,PREDOT,0,2009
247,SEVERITY,0,2009
248,INC_KEY,0,2009
249,PCODE,0,2009
250,YOPROC,0,2009
251,DAYTOPROC,0,2009
252,HOURTOPRO,0,2009
253,INC_KEY,0,2009
254,ECODE,0,2009
255,ECODE2,0,2009
256,INC_KEY,0,2009
257,COMPLKEY,0,2009
258,COMPLDES,0,2009
259,INC_KEY,0,2009
260,YOINJ,0,2009
261,YOADMIT,0,2009
262,WORKREL,0,2009
263,INDUSTRY,0,2009
264,OCCUPATION,0,2009
265,LECODE,0,2009
266,LOCATION,0,2009
267,TRANSFER,0,2009
268,ALCOHOL,0,2009
269,DRUG1,0,2009
270,DRUG2,0,2009
271,EDDISP,0,2009
272,EDDEATH,0,2009
273,EMSRESP,0,2009
274,EMSSCENE,0,2009
275,EMSDAYS,0,2009
276,EMSMINS,0,2009
277,EDMIN,0,2009
278,EDDAYS,0,2009
279,ISSLOC,0,2009
280,ISSAIS,0,2009
281,ISSICD,0,2009
282,ISS98,0,2009
283,ECODE,0,2009
284,ECODEDES,0,2009
285,INJTYPE,0,2009
286,INTENT,0,2009
287,MECHANISM,0,2009
288,INC_KEY,0,2009
289,PROTDEV,0,2009
290,CHILDRES,0,2009
291,AIRBAG,0,2009
292,INC_KEY,0,2009
293,AISVER,0,2009
294,PREDOT,0,2009
295,SEVERITY,0,2009
296,INC_KEY,0,2009
297,HOSPDISP,0,2009
298,PAYMENT,0,2009
299,LOSMIN,0,2009
300,LOSDAYS,0,2009
301,ICUDAYS,0,2009
302,VENTDAYS,0,2009
303,YODISCH,0,2009
304,INC_KEY,0,2009
305,TRANTYPE,0,2009
306,TMODE,0,2009
307,INC_KEY,0,2009
308,AISVER,0,2009
309,PREDOT,0,2009
310,SEVERITY,0,2009
311,DCODE,0,2009
312,DCODEDES,0,2009
313,DXTYPE,0,2009
314,REGION1,0,2009
315,REGION2,0,2009
316,REGION3,0,2009
317,AISVER,0,2009
318,PREDOT,0,2009
319,SEVERITY,0,2009
320,AISDESC,0,2009
321,INC_KEY,0,2009
322,YOBIRTH,0,2009
323,AGE,0,2009
324,GENDER,0,2009
325,RACE1,0,2009
326,RACE2,0,2009
327,ETHNIC,0,2009
328,TEACHINGSTATUS,0,2009
329,ADULTVERIFICATIONLEVEL,0,2009
330,PEDIATRICVERIFICATIONLEVEL,0,2009
331,STATEDESIGNATION,0,2009
332,PEDIATRICSTATEDESIGNATION,0,2009
333,BEDSIZE,0,2009
334,HOSPITALTYPE,0,2009
335,INC_KEY,0,2009
336,COMORKEY,0,2009
337,COMORDES,0,2009
338,INC_KEY,0,2009
339,AISVER,0,2009
340,PREDOT,0,2009
341,SEVERITY,0,2009
342,PCODE,0,2009
343,PCODEDESCR,0,2009
344,INC_KEY,0,2010
345,DCODE,0,2010
346,INC_KEY,0,2010
347,VSTYPE,0,2010
348,SBP,0,2010
349,PULSE,0,2010
350,RR,0,2010
351,OXYSAT,0,2010
352,SUPPOXY,0,2010
353,TEMP,0,2010
354,GCSEYE,0,2010
355,GCSVERB,0,2010
356,GCSMOT,0,2010
357,GCSTOT,0,2010
358,GCS_Q1,0,2010
359,GCS_Q2,0,2010
360,GCS_Q3,0,2010
361,RRAQ,0,2010
362,INC_KEY,0,2010
363,AISVER,0,2010
364,PREDOT,0,2010
365,SEVERITY,0,2010
366,INC_KEY,0,2010
367,PCODE,0,2010
368,YOPROC,0,2010
369,DAYTOPROC,0,2010
370,HOURTOPROC,0,2010
371,INC_KEY,0,2010
372,ECODE,0,2010
373,ECODE2,0,2010
374,INC_KEY,0,2010
375,COMPLKEY,0,2010
376,COMPLDES,0,2010
377,INC_KEY,0,2010
378,HOSPDISP,0,2010
379,PAYMENT,0,2010
380,LOSMIN,0,2010
381,LOSDAYS,0,2010
382,ICUDAYS,0,2010
383,VENTDAYS,0,2010
384,YODISCH,0,2010
385,INC_KEY,0,2010
386,YOINJ,0,2010
387,YOADMIT,0,2010
388,WORKREL,0,2010
389,INDUSTRY,0,2010
390,OCCUPATION,0,2010
391,LECODE,0,2010
392,LOCATION,0,2010
393,TRANSFER,0,2010
394,ALCOHOL,0,2010
395,DRUG1,0,2010
396,DRUG2,0,2010
397,EDDISP,0,2010
398,EDDEATH,0,2010
399,EMSRESP,0,2010
400,EMSSCENE,0,2010
401,EMSDAYS,0,2010
402,EMSMINS,0,2010
403,EDMIN,0,2010
404,EDDAYS,0,2010
405,ISSLOC,0,2010
406,ISSAIS,0,2010
407,ISSICD,0,2010
408,ISS98,0,2010
409,ECODE,0,2010
410,ECODEDES,0,2010
411,INJTYPE,0,2010
412,INTENT,0,2010
413,MECHANISM,0,2010
414,INC_KEY,0,2010
415,PROTDEV,0,2010
416,CHILDRES,0,2010
417,AIRBAG,0,2010
418,INC_KEY,0,2010
419,AISVER,0,2010
420,PREDOT,0,2010
421,SEVERITY,0,2010
422,INC_KEY,0,2010
423,HOSPDISP,0,2010
424,PAYMENT,0,2010
425,LOSMIN,0,2010
426,LOSDAYS,0,2010
427,ICUDAYS,0,2010
428,VENTDAYS,0,2010
429,YODISCH,0,2010
430,INC_KEY,0,2010
431,TRANTYPE,0,2010
432,TMODE,0,2010
433,inc_key,0,2010
434,TQIPSITE,0,2010
435,ADULTTQIP,0,2010
436,INC_KEY,0,2010
437,AISVER,0,2010
438,PREDOT,0,2010
439,SEVERITY,0,2010
440,DCODE,0,2010
441,DCODEDES,0,2010
442,DXTYPE,0,2010
443,REGION1,0,2010
444,REGION2,0,2010
445,REGION3,0,2010
446,AISVER,0,2010
447,PREDOT,0,2010
448,SEVERITY,0,2010
449,AISDESC,0,2010
450,INC_KEY,0,2010
451,YOBIRTH,0,2010
452,AGE,0,2010
453,GENDER,0,2010
454,RACE1,0,2010
455,RACE2,0,2010
456,ETHNIC,0,2010
457,TEACHINGSTATUS,0,2010
458,ADULTVERIFICATIONLEVEL,0,2010
459,PEDIATRICVERIFICATIONLEVEL,0,2010
460,STATEDESIGNATION,0,2010
461,PEDIATRICSTATEDESIGNATION,0,2010
462,BEDSIZE,0,2010
463,HOSPITALTYPE,0,2010
464,INC_KEY,0,2010
465,COMORKEY,0,2010
466,COMORDES,0,2010
467,INC_KEY,0,2010
468,AISVER,0,2010
469,PREDOT,0,2010
470,SEVERITY,0,2010
471,PCODE,0,2010
472,PCODEDESCR,0,2010
473,INC_KEY,0,2011
474,DCODE,0,2011
475,INC_KEY,0,2011
476,VSTYPE,0,2011
477,SBP,0,2011
478,PULSE,0,2011
479,RR,0,2011
480,OXYSAT,0,2011
481,SUPPOXY,0,2011
482,TEMP,0,2011
483,GCSEYE,0,2011
484,GCSVERB,0,2011
485,GCSMOT,0,2011
486,GCSTOT,0,2011
487,GCS_Q1,0,2011
488,GCS_Q2,0,2011
489,GCS_Q3,0,2011
490,RRAQ,0,2011
491,INC_KEY,0,2011
492,AISVER,0,2011
493,PREDOT,0,2011
494,SEVERITY,0,2011
495,INC_KEY,0,2011
496,PCODE,0,2011
497,YOPROC,0,2011
498,DAYTOPROC,0,2011
499,HOURTOPROC,0,2011
500,INC_KEY,0,2011
501,ECODE,0,2011
502,ECODE2,0,2011
503,INC_KEY,0,2011
504,COMPLKEY,0,2011
505,COMPLDES,0,2011
506,INC_KEY,0,2011
507,YOINJ,0,2011
508,YOADMIT,0,2011
509,WORKREL,0,2011
510,INDUSTRY,0,2011
511,OCCUPATION,0,2011
512,LECODE,0,2011
513,LOCATION,0,2011
514,TRANSFER,0,2011
515,ALCOHOL,0,2011
516,DRUG1,0,2011
517,DRUG2,0,2011
518,EDDISP,0,2011
519,SIGNSOFLIFE,0,2011
520,EMSRESP,0,2011
521,EMSSCENE,0,2011
522,EMSDAYS,0,2011
523,EMSMINS,0,2011
524,EDMIN,0,2011
525,EDDAYS,0,2011
526,ISSLOC,0,2011
527,ISSAIS,0,2011
528,ISSICD,0,2011
529,ISS98,0,2011
530,ECODE,0,2011
531,ECODEDES,0,2011
532,INJTYPE,0,2011
533,INTENT,0,2011
534,MECHANISM,0,2011
535,INC_KEY,0,2011
536,PROTDEV,0,2011
537,CHILDRES,0,2011
538,AIRBAG,0,2011
539,INC_KEY,0,2011
540,AISVER,0,2011
541,PREDOT,0,2011
542,SEVERITY,0,2011
543,INC_KEY,0,2011
544,HOSPDISP,0,2011
545,PAYMENT,0,2011
546,LOSMIN,0,2011
547,LOSDAYS,0,2011
548,ICUDAYS,0,2011
549,VENTDAYS,0,2011
550,YODISCH,0,2011
551,INC_KEY,0,2011
552,TRANTYPE,0,2011
553,TMODE,0,2011
554,inc_key,0,2011
555,TQIPSITE,0,2011
556,ADULTTQIP,0,2011
557,INC_KEY,0,2011
558,AISVER,0,2011
559,PREDOT,0,2011
560,SEVERITY,0,2011
561,DCODE,0,2011
562,DCODEDES,0,2011
563,DXTYPE,0,2011
564,REGION1,0,2011
565,REGION2,0,2011
566,REGION3,0,2011
567,AISVER,0,2011
568,PREDOT,0,2011
569,SEVERITY,0,2011
570,AISDESC,0,2011
571,INC_KEY,0,2011
572,YOBIRTH,0,2011
573,AGE,0,2011
574,GENDER,0,2011
575,RACE1,0,2011
576,RACE2,0,2011
577,ETHNIC,0,2011
578,TEACHINGSTATUS,0,2011
579,ADULTVERIFICATIONLEVEL,0,2011
580,PEDIATRICVERIFICATIONLEVEL,0,2011
581,STATEDESIGNATION,0,2011
582,PEDIATRICSTATEDESIGNATION,0,2011
583,BEDSIZE,0,2011
584,HOSPITALTYPE,0,2011
585,INC_KEY,0,2011
586,COMORKEY,0,2011
587,COMORDES,0,2011
588,INC_KEY,0,2011
589,AISVER,0,2011
590,PREDOT,0,2011
591,SEVERITY,0,2011
592,PCODE,0,2011
593,PCODEDESCR,0,2011
594,INC_KEY,0,2012
595,DCODE,0,2012
596,INC_KEY,0,2012
597,VSTYPE,0,2012
598,SBP,0,2012
599,PULSE,0,2012
600,RR,0,2012
601,OXYSAT,0,2012
602,SUPPOXY,0,2012
603,TEMP,0,2012
604,GCSEYE,0,2012
605,GCSVERB,0,2012
606,GCSMOT,0,2012
607,GCSTOT,0,2012
608,GCS_Q1,0,2012
609,GCS_Q2,0,2012
610,GCS_Q3,0,2012
611,RRAQ,0,2012
612,INC_KEY,0,2012
613,AISVER,0,2012
614,PREDOT,0,2012
615,SEVERITY,0,2012
616,INC_KEY,0,2012
617,PCODE,0,2012
618,YOPROC,0,2012
619,DAYTOPROC,0,2012
620,HOURTOPROC,0,2012
621,INC_KEY,0,2012
622,ECODE,0,2012
623,ECODE2,0,2012
624,INC_KEY,0,2012
625,COMPLKEY,0,2012
626,COMPLDES,0,2012
627,INC_KEY,0,2012
628,YOINJ,0,2012
629,YOADMIT,0,2012
630,WORKREL,0,2012
631,INDUSTRY,0,2012
632,OCCUPATION,0,2012
633,LECODE,0,2012
634,LOCATION,0,2012
635,TRANSFER,0,2012
636,ALCOHOL,0,2012
637,DRUG1,0,2012
638,DRUG2,0,2012
639,EDDISP,0,2012
640,SIGNSOFLIFE,0,2012
641,EMSRESP,0,2012
642,EMSSCENE,0,2012
643,EMSDAYS,0,2012
644,EMSMINS,0,2012
645,EDMIN,0,2012
646,EDDAYS,0,2012
647,ISSLOC,0,2012
648,ISSAIS,0,2012
649,ISSICD,0,2012
650,ISS98,0,2012
651,ECODE,0,2012
652,ECODEDES,0,2012
653,INJTYPE,0,2012
654,INTENT,0,2012
655,MECHANISM,0,2012
656,INC_KEY,0,2012
657,PROTDEV,0,2012
658,CHILDRES,0,2012
659,AIRBAG,0,2012
660,INC_KEY,0,2012
661,AISVER,0,2012
662,PREDOT,0,2012
663,SEVERITY,0,2012
664,INC_KEY,0,2012
665,HOSPDISP,0,2012
666,PAYMENT,0,2012
667,LOSMIN,0,2012
668,LOSDAYS,0,2012
669,ICUDAYS,0,2012
670,VENTDAYS,0,2012
671,YODISCH,0,2012
672,INC_KEY,0,2012
673,TRANTYPE,0,2012
674,TMODE,0,2012
675,inc_key,0,2012
676,TQIPSITE,0,2012
677,ADULTTQIP,0,2012
678,INC_KEY,0,2012
679,AISVER,0,2012
680,PREDOT,0,2012
681,SEVERITY,0,2012
682,DCODE,0,2012
683,DCODEDES,0,2012
684,DXTYPE,0,2012
685,REGION1,0,2012
686,REGION2,0,2012
687,REGION3,0,2012
688,AISVER,0,2012
689,PREDOT,0,2012
690,SEVERITY,0,2012
691,AISDESC,0,2012
692,INC_KEY,0,2012
693,YOBIRTH,0,2012
694,AGE,0,2012
695,GENDER,0,2012
696,RACE1,0,2012
697,RACE2,0,2012
698,ETHNIC,0,2012
699,TEACHINGSTATUS,0,2012
700,ADULTVERIFICATIONLEVEL,0,2012
701,PEDIATRICVERIFICATIONLEVEL,0,2012
702,STATEDESIGNATION,0,2012
703,PEDIATRICSTATEDESIGNATION,0,2012
704,BEDSIZE,0,2012
705,HOSPITALTYPE,0,2012
706,INC_KEY,0,2012
707,COMORKEY,0,2012
708,COMORDES,0,2012
709,INC_KEY,0,2012
710,AISVER,0,2012
711,PREDOT,0,2012
712,SEVERITY,0,2012
713,PCODE,0,2012
714,PCODEDESCR,0,2012
715,INC_KEY,0,2013
716,DCODE,0,2013
717,INC_KEY,0,2013
718,VSTYPE,0,2013
719,SBP,0,2013
720,PULSE,0,2013
721,RR,0,2013
722,OXYSAT,0,2013
723,SUPPOXY,0,2013
724,TEMP,0,2013
725,GCSEYE,0,2013
726,GCSVERB,0,2013
727,GCSMOT,0,2013
728,GCSTOT,0,2013
729,GCS_Q1,0,2013
730,GCS_Q2,0,2013
731,GCS_Q3,0,2013
732,RRAQ,0,2013
733,INC_KEY,0,2013
734,AISVER,0,2013
735,PREDOT,0,2013
736,SEVERITY,0,2013
737,INC_KEY,0,2013
738,PCODE,0,2013
739,YOPROC,0,2013
740,DAYTOPROC,0,2013
741,HOURTOPROC,0,2013
742,INC_KEY,0,2013
743,ECODE,0,2013
744,ECODE2,0,2013
745,inc_key,0,2013
746,TBI_GCS_QUALIFIER_CODE,0,2013
747,TBI_GCS_QUALIFIER_DESC,0,2013
748,INC_KEY,0,2013
749,COMPLKEY,0,2013
750,COMPLDES,0,2013
751,INC_KEY,0,2013
752,YOINJ,0,2013
753,YOADMIT,0,2013
754,WORKREL,0,2013
755,INDUSTRY,0,2013
756,OCCUPATION,0,2013
757,LECODE,0,2013
758,LOCATION,0,2013
759,TRANSFER,0,2013
760,ALCOHOL,0,2013
761,DRUG1,0,2013
762,DRUG2,0,2013
763,EDDISP,0,2013
764,SIGNSOFLIFE,0,2013
765,EMSRESP,0,2013
766,EMSSCENE,0,2013
767,EMSDAYS,0,2013
768,EMSMINS,0,2013
769,EDMIN,0,2013
770,EDDAYS,0,2013
771,ISSLOC,0,2013
772,ISSAIS,0,2013
773,ISSICD,0,2013
774,ISS98,0,2013
775,HEIGHT,0,2013
776,WEIGHT,0,2013
777,ECODE,0,2013
778,ECODEDES,0,2013
779,INJTYPE,0,2013
780,INTENT,0,2013
781,MECHANISM,0,2013
782,INC_KEY,0,2013
783,PROTDEV,0,2013
784,CHILDRES,0,2013
785,AIRBAG,0,2013
786,INC_KEY,0,2013
787,AISVER,0,2013
788,PREDOT,0,2013
789,SEVERITY,0,2013
790,INC_KEY,0,2013
791,HOSPDISP,0,2013
792,PAYMENT,0,2013
793,LOSMIN,0,2013
794,LOSDAYS,0,2013
795,ICUDAYS,0,2013
796,VENTDAYS,0,2013
797,YODISCH,0,2013
798,INC_KEY,0,2013
799,TRANTYPE,0,2013
800,TMODE,0,2013
801,inc_key,0,2013
802,TQIPSITE,0,2013
803,ADULTTQIP,0,2013
804,INC_KEY,0,2013
805,AISVER,0,2013
806,PREDOT,0,2013
807,SEVERITY,0,2013
808,inc_key,0,2013
809,EMBOLIZATION_SITE_CODE,0,2013
810,EMBOLIZATION_SITE_DESC,0,2013
811,DCODE,0,2013
812,DCODEDES,0,2013
813,DXTYPE,0,2013
814,REGION1,0,2013
815,REGION2,0,2013
816,REGION3,0,2013
817,AISVER,0,2013
818,PREDOT,0,2013
819,SEVERITY,0,2013
820,AISDESC,0,2013
821,INC_KEY,0,2013
822,YOBIRTH,0,2013
823,AGE,0,2013
824,GENDER,0,2013
825,RACE1,0,2013
826,RACE2,0,2013
827,ETHNIC,0,2013
828,TEACHINGSTATUS,0,2013
829,ADULTVERIFICATIONLEVEL,0,2013
830,PEDIATRICVERIFICATIONLEVEL,0,2013
831,STATEDESIGNATION,0,2013
832,PEDIATRICSTATEDESIGNATION,0,2013
833,BEDSIZE,0,2013
834,HOSPITALTYPE,0,2013
835,inc_key,0,2013
836,TBI_CEREBRAL_MONITOR_CODE,0,2013
837,TBI_CEREBRAL_MONITOR_DESC,0,2013
838,INC_KEY,0,2013
839,COMORKEY,0,2013
840,COMORDES,0,2013
841,inc_key,0,2013
842,TBI_HIGHEST_TOTAL_GCS,0,2013
843,TBI_GCS_MOTOR,0,2013
844,VTE_PROPHYLAXIS_TYPE_CODE,0,2013
845,VTE_PROPHYLAXIS_TYPE_DESC,0,2013
846,LOWEST_SBP,0,2013
847,TRANS_BLOOD_4HOURS,0,2013
848,TRANS_PLASMA_4HOURS,0,2013
849,TRANS_PLATELETS_4HOURS,0,2013
850,CRYOPRECIPITATE_4HOURS,0,2013
851,TRANS_BLOOD_24HOURS,0,2013
852,TRANS_PLASMA_24HOURS,0,2013
853,TRANS_PLATELETS_24HOURS,0,2013
854,CRYOPRECIPITATE_24HOURS,0,2013
855,ANGIOGRAPHY_CODE,0,2013
856,ANGIOGRAPHY_DESC,0,2013
857,HEMORRHAGE_CTRL_STYPE_CODE,0,2013
858,HEMORRHAGE_CTRL_STYPE_DESC,0,2013
859,WITHDRAWAL_OF_CARE_CODE,0,2013
860,WITHDRAWAL_OF_CARE_DESC,0,2013
861,CerebralMonitorMins,0,2013
862,CerebralMonitorDays,0,2013
863,VTEMins,0,2013
864,VTEDays,0,2013
865,AngiographyMins,0,2013
866,AngiographyDays,0,2013
867,HemorrhageCtrlMins,0,2013
868,HemorrhageCtrlDays,0,2013
869,WithdrawalOfCareMins,0,2013
870,WithdrawalOfCareDays,0,2013
871,INC_KEY,0,2013
872,AISVER,0,2013
873,PREDOT,0,2013
874,SEVERITY,0,2013
875,PCODE,0,2013
876,PCODEDESCR,0,2013
877,INC_KEY,0,2014
878,DCODE,0,2014
879,INC_KEY,0,2014
880,VSTYPE,0,2014
881,SBP,0,2014
882,PULSE,0,2014
883,RR,0,2014
884,OXYSAT,0,2014
885,SUPPOXY,0,2014
886,TEMP,0,2014
887,GCSEYE,0,2014
888,GCSVERB,0,2014
889,GCSMOT,0,2014
890,GCSTOT,0,2014
891,GCS_Q1,0,2014
892,GCS_Q2,0,2014
893,GCS_Q3,0,2014
894,RRAQ,0,2014
895,INC_KEY,0,2014
896,AISVER,0,2014
897,PREDOT,0,2014
898,SEVERITY,0,2014
899,INC_KEY,0,2014
900,PCODE,0,2014
901,ICD10_PCODE,0,2014
902,YOPROC,0,2014
903,DAYTOPROC,0,2014
904,HOURTOPROC,0,2014
905,INC_KEY,0,2014
906,ECODE,0,2014
907,ECODE2,0,2014
908,inc_key,0,2014
909,TBI_GCS_QUALIFIER_CODE,0,2014
910,TBI_GCS_QUALIFIER_DESC,0,2014
911,INC_KEY,0,2014
912,COMPLKEY,0,2014
913,COMPLDES,0,2014
914,INC_KEY,0,2014
915,YOINJ,0,2014
916,YOADMIT,0,2014
917,WORKREL,0,2014
918,INDUSTRY,0,2014
919,OCCUPATION,0,2014
920,LECODE,0,2014
921,LOCATION,0,2014
922,TRANSFER,0,2014
923,ALCOHOL,0,2014
924,DRUG1,0,2014
925,DRUG2,0,2014
926,EDDISP,0,2014
927,SIGNSOFLIFE,0,2014
928,EMSRESP,0,2014
929,EMSSCENE,0,2014
930,EMSDAYS,0,2014
931,EMSMINS,0,2014
932,EDMIN,0,2014
933,EDDAYS,0,2014
934,ISSLOC,0,2014
935,ISSAIS,0,2014
936,ISSICD,0,2014
937,ISS98,0,2014
938,HEIGHT,0,2014
939,WEIGHT,0,2014
940,ECODE,0,2014
941,ECODEDES,0,2014
942,INJTYPE,0,2014
943,INTENT,0,2014
944,MECHANISM,0,2014
945,INC_KEY,0,2014
946,PROTDEV,0,2014
947,CHILDRES,0,2014
948,AIRBAG,0,2014
949,INC_KEY,0,2014
950,AISVER,0,2014
951,PREDOT,0,2014
952,SEVERITY,0,2014
953,INC_KEY,0,2014
954,HOSPDISP,0,2014
955,PAYMENT,0,2014
956,LOSMIN,0,2014
957,LOSDAYS,0,2014
958,ICUDAYS,0,2014
959,VENTDAYS,0,2014
960,YODISCH,0,2014
961,INC_KEY,0,2014
962,TRANTYPE,0,2014
963,TMODE,0,2014
964,inc_key,0,2014
965,TQIPSITE,0,2014
966,ADULTTQIP,0,2014
967,PEDSTQIP,0,2014
968,INC_KEY,0,2014
969,AISVER,0,2014
970,PREDOT,0,2014
971,SEVERITY,0,2014
972,inc_key,0,2014
973,EMBOLIZATION_SITE_CODE,0,2014
974,EMBOLIZATION_SITE_DESC,0,2014
975,DCODE,0,2014
976,DCODEDES,0,2014
977,DXTYPE,0,2014
978,REGION1,0,2014
979,REGION2,0,2014
980,REGION3,0,2014
981,AISVER,0,2014
982,PREDOT,0,2014
983,SEVERITY,0,2014
984,AISDESC,0,2014
985,INC_KEY,0,2014
986,YOBIRTH,0,2014
987,AGE,0,2014
988,GENDER,0,2014
989,RACE1,0,2014
990,RACE2,0,2014
991,ETHNIC,0,2014
992,TEACHINGSTATUS,0,2014
993,ADULTVERIFICATIONLEVEL,0,2014
994,PEDIATRICVERIFICATIONLEVEL,0,2014
995,STATEDESIGNATION,0,2014
996,PEDIATRICSTATEDESIGNATION,0,2014
997,BEDSIZE,0,2014
998,HOSPITALTYPE,0,2014
999,inc_key,0,2014
1000,TBI_CEREBRAL_MONITOR_CODE,0,2014
1001,TBI_CEREBRAL_MONITOR_DESC,0,2014
1002,INC_KEY,0,2014
1003,COMORKEY,0,2014
1004,COMORDES,0,2014
1005,inc_key,0,2014
1006,TBI_HIGHEST_TOTAL_GCS,0,2014
1007,TBI_GCS_MOTOR,0,2014
1008,VTE_PROPHYLAXIS_TYPE_CODE,0,2014
1009,VTE_PROPHYLAXIS_TYPE_DESC,0,2014
1010,LOWEST_SBP,0,2014
1011,TRANS_BLOOD_4HOURS,0,2014
1012,TRANS_PLASMA_4HOURS,0,2014
1013,TRANS_PLATELETS_4HOURS,0,2014
1014,CRYOPRECIPITATE_4HOURS,0,2014
1015,TRANS_BLOOD_24HOURS,0,2014
1016,TRANS_PLASMA_24HOURS,0,2014
1017,TRANS_PLATELETS_24HOURS,0,2014
1018,CRYOPRECIPITATE_24HOURS,0,2014
1019,ANGIOGRAPHY_CODE,0,2014
1020,ANGIOGRAPHY_DESC,0,2014
1021,HEMORRHAGE_CTRL_STYPE_CODE,0,2014
1022,HEMORRHAGE_CTRL_STYPE_DESC,0,2014
1023,WITHDRAWAL_OF_CARE_CODE,0,2014
1024,WITHDRAWAL_OF_CARE_DESC,0,2014
1025,TRANS_BLOOD_MEASURE_CODE,0,2014
1026,TRANS_BLOOD_MEASURE_DESC,0,2014
1027,TRANS_BLOOD_CONV,0,2014
1028,TRANS_PLASMA_MEASURE_CODE,0,2014
1029,TRANS_PLASMA_MEASURE_DESC,0,2014
1030,TRANS_PLASMA_CONV,0,2014
1031,TRANS_PLATELETS_MEASURE_CODE,0,2014
1032,TRANS_PLATELETS_MEASURE_DESC,0,2014
1033,TRANS_PLATELETS_CONV,0,2014
1034,CRYOPRECIPITATE_MEASURE_CODE,0,2014
1035,CRYOPRECIPITATE_MEASURE_DESC,0,2014
1036,CRYOPRECIPITATE_CONV,0,2014
1037,CerebralMonitorMins,0,2014
1038,CerebralMonitorDays,0,2014
1039,VTEMins,0,2014
1040,VTEDays,0,2014
1041,AngiographyMins,0,2014
1042,AngiographyDays,0,2014
1043,HemorrhageCtrlMins,0,2014
1044,HemorrhageCtrlDays,0,2014
1045,WithdrawalOfCareMins,0,2014
1046,WithdrawalOfCareDays,0,2014
1047,INC_KEY,0,2014
1048,AISVER,0,2014
1049,PREDOT,0,2014
1050,SEVERITY,0,2014
1051,PCODE,0,2014
1052,PCODEDESCR,0,2014
1053,ICD10_LOC,0,2015
1054,ICD10_LOC_DESCRIPTION,0,2015
1055,LEVEL1,0,2015
1056,LEVEL2,0,2015
1057,ICD10_VERSION,0,2015
1058,INC_KEY,0,2015
1059,DCODE,0,2015
1060,INC_KEY,0,2015
1061,VSTYPE,0,2015
1062,SBP,0,2015
1063,PULSE,0,2015
1064,RR,0,2015
1065,OXYSAT,0,2015
1066,SUPPOXY,0,2015
1067,TEMP,0,2015
1068,GCSEYE,0,2015
1069,GCSVERB,0,2015
1070,GCSMOT,0,2015
1071,GCSTOT,0,2015
1072,GCS_Q1,0,2015
1073,GCS_Q2,0,2015
1074,GCS_Q3,0,2015
1075,RRAQ,0,2015
1076,INC_KEY,0,2015
1077,AISVER,0,2015
1078,PREDOT,0,2015
1079,SEVERITY,0,2015
1080,INC_KEY,0,2015
1081,PCODE,0,2015
1082,ICD10_PCODE,0,2015
1083,YOPROC,0,2015
1084,DAYTOPROC,0,2015
1085,HOURTOPROC,0,2015
1086,INC_KEY,0,2015
1087,ECODE,0,2015
1088,ECODE2,0,2015
1089,inc_key,0,2015
1090,TBI_GCS_QUALIFIER_CODE,0,2015
1091,TBI_GCS_QUALIFIER_DESC,0,2015
1092,INC_KEY,0,2015
1093,COMPLKEY,0,2015
1094,COMPLDES,0,2015
1095,INC_KEY,0,2015
1096,YOINJ,0,2015
1097,YOADMIT,0,2015
1098,WORKREL,0,2015
1099,INDUSTRY,0,2015
1100,OCCUPATION,0,2015
1101,LECODE,0,2015
1102,LOCATION,0,2015
1103,TRANSFER,0,2015
1104,ALCOHOL,0,2015
1105,DRUG1,0,2015
1106,DRUG2,0,2015
1107,EDDISP,0,2015
1108,SIGNSOFLIFE,0,2015
1109,EMSRESP,0,2015
1110,EMSSCENE,0,2015
1111,EMSDAYS,0,2015
1112,EMSMINS,0,2015
1113,EDMIN,0,2015
1114,EDDAYS,0,2015
1115,ISSLOC,0,2015
1116,ISSAIS,0,2015
1117,ISSICD,0,2015
1118,ISS98,0,2015
1119,HEIGHT,0,2015
1120,WEIGHT,0,2015
1121,ECODE,0,2015
1122,ECODEDES,0,2015
1123,INJTYPE,0,2015
1124,INTENT,0,2015
1125,MECHANISM,0,2015
1126,ICD10_ECODE,0,2015
1127,ICD10_ECODE_DESCRIPTION,0,2015
1128,Intent,0,2015
1129,Mechanism,0,2015
1130,Trauma_Type,0,2015
1131,INC_KEY,0,2015
1132,PROTDEV,0,2015
1133,CHILDRES,0,2015
1134,AIRBAG,0,2015
1135,INC_KEY,0,2015
1136,AISVER,0,2015
1137,PREDOT,0,2015
1138,SEVERITY,0,2015
1139,INC_KEY,0,2015
1140,HOSPDISP,0,2015
1141,PAYMENT,0,2015
1142,LOSMIN,0,2015
1143,LOSDAYS,0,2015
1144,ICUDAYS,0,2015
1145,VENTDAYS,0,2015
1146,YODISCH,0,2015
1147,INC_KEY,0,2015
1148,TRANTYPE,0,2015
1149,TMODE,0,2015
1150,inc_key,0,2015
1151,TQIPSITE,0,2015
1152,ADULTTQIP,0,2015
1153,PEDSTQIP,0,2015
1154,ICD10_PROC,0,2015
1155,ICD10_PROC_DESCRIPTION,0,2015
1156,ICD10_VERSION,0,2015
1157,INC_KEY,0,2015
1158,AISVER,0,2015
1159,PREDOT,0,2015
1160,SEVERITY,0,2015
1161,INC_KEY,0,2015
1162,ICD10_PRIMARY_ECODE,0,2015
1163,ICD10_ADDITONAL_ECODE,0,2015
1164,inc_key,0,2015
1165,EMBOLIZATION_SITE_CODE,0,2015
1166,EMBOLIZATION_SITE_DESC,0,2015
1167,DCODE,0,2015
1168,DCODEDES,0,2015
1169,DXTYPE,0,2015
1170,REGION1,0,2015
1171,REGION2,0,2015
1172,REGION3,0,2015
1173,AISVER,0,2015
1174,PREDOT,0,2015
1175,SEVERITY,0,2015
1176,AISDESC,0,2015
1177,INC_KEY,0,2015
1178,ICD10_LOC,0,2015
1179,INC_KEY,0,2015
1180,ICD10_DCODE,0,2015
1181,INC_KEY,0,2015
1182,YOBIRTH,0,2015
1183,AGE,0,2015
1184,GENDER,0,2015
1185,RACE1,0,2015
1186,RACE2,0,2015
1187,ETHNIC,0,2015
1188,TEACHINGSTATUS,0,2015
1189,ADULTVERIFICATIONLEVEL,0,2015
1190,PEDIATRICVERIFICATIONLEVEL,0,2015
1191,STATEDESIGNATION,0,2015
1192,PEDIATRICSTATEDESIGNATION,0,2015
1193,BEDSIZE,0,2015
1194,HOSPITALTYPE,0,2015
1195,inc_key,0,2015
1196,TBI_CEREBRAL_MONITOR_CODE,0,2015
1197,TBI_CEREBRAL_MONITOR_DESC,0,2015
1198,ICD10_DIAGNOSIS,0,2015
1199,ICD10_DIAGNOSIS_DESCRIPTION,0,2015
1200,LEVEL1,0,2015
1201,LEVEL2,0,2015
1202,LEVEL3,0,2015
1203,LEVEL4,0,2015
1204,ICD10_VERSION,0,2015
1205,INC_KEY,0,2015
1206,COMORKEY,0,2015
1207,COMORDES,0,2015
1208,inc_key,0,2015
1209,TBI_HIGHEST_TOTAL_GCS,0,2015
1210,TBI_GCS_MOTOR,0,2015
1211,VTE_PROPHYLAXIS_TYPE_CODE,0,2015
1212,VTE_PROPHYLAXIS_TYPE_DESC,0,2015
1213,LOWEST_SBP,0,2015
1214,TRANS_BLOOD_4HOURS,0,2015
1215,TRANS_PLASMA_4HOURS,0,2015
1216,TRANS_PLATELETS_4HOURS,0,2015
1217,CRYOPRECIPITATE_4HOURS,0,2015
1218,TRANS_BLOOD_24HOURS,0,2015
1219,TRANS_PLASMA_24HOURS,0,2015
1220,TRANS_PLATELETS_24HOURS,0,2015
1221,CRYOPRECIPITATE_24HOURS,0,2015
1222,ANGIOGRAPHY_CODE,0,2015
1223,ANGIOGRAPHY_DESC,0,2015
1224,HEMORRHAGE_CTRL_STYPE_CODE,0,2015
1225,HEMORRHAGE_CTRL_STYPE_DESC,0,2015
1226,WITHDRAWAL_OF_CARE_CODE,0,2015
1227,WITHDRAWAL_OF_CARE_DESC,0,2015
1228,TRANS_BLOOD_MEASURE_CODE,0,2015
1229,TRANS_BLOOD_MEASURE_DESC,0,2015
1230,TRANS_BLOOD_CONV,0,2015
1231,TRANS_PLASMA_MEASURE_CODE,0,2015
1232,TRANS_PLASMA_MEASURE_DESC,0,2015
1233,TRANS_PLASMA_CONV,0,2015
1234,TRANS_PLATELETS_MEASURE_CODE,0,2015
1235,TRANS_PLATELETS_MEASURE_DESC,0,2015
1236,TRANS_PLATELETS_CONV,0,2015
1237,CRYOPRECIPITATE_MEASURE_CODE,0,2015
1238,CRYOPRECIPITATE_MEASURE_DESC,0,2015
1239,CRYOPRECIPITATE_CONV,0,2015
1240,CerebralMonitorMins,0,2015
1241,CerebralMonitorDays,0,2015
1242,VTEMins,0,2015
1243,VTEDays,0,2015
1244,AngiographyMins,0,2015
1245,AngiographyDays,0,2015
1246,HemorrhageCtrlMins,0,2015
1247,HemorrhageCtrlDays,0,2015
1248,WithdrawalOfCareMins,0,2015
1249,WithdrawalOfCareDays,0,2015
1250,INC_KEY,0,2015
1251,AISVER,0,2015
1252,PREDOT,0,2015
1253,SEVERITY,0,2015
1254,PCODE,0,2015
1255,PCODEDESCR,0,2015
1256,ICD10_LCODE,0,2016
1257,ICD10_LCODEDES,0,2016
1258,INC_KEY,0,2016
1259,DCODE,0,2016
1260,INC_KEY,0,2016
1261,VSTYPE,0,2016
1262,SBP,0,2016
1263,PULSE,0,2016
1264,RR,0,2016
1265,OXYSAT,0,2016
1266,SUPPOXY,0,2016
1267,TEMP,0,2016
1268,GCSEYE,0,2016
1269,GCSVERB,0,2016
1270,GCSMOT,0,2016
1271,GCSTOT,0,2016
1272,GCS_Q1,0,2016
1273,GCS_Q2,0,2016
1274,GCS_Q3,0,2016
1275,RRAQ,0,2016
1276,INC_KEY,0,2016
1277,PCODE,0,2016
1278,ICD10_PCODE,0,2016
1279,YOPROC,0,2016
1280,DAYTOPROC,0,2016
1281,HOURTOPROC,0,2016
1282,INC_KEY,0,2016
1283,ECODE,0,2016
1284,ECODE2,0,2016
1285,inc_key,0,2016
1286,TBI_GCS_QUALIFIER_CODE,0,2016
1287,TBI_GCS_QUALIFIER_DESC,0,2016
1288,INC_KEY,0,2016
1289,COMPLKEY,0,2016
1290,COMPLDES,0,2016
1291,INC_KEY,0,2016
1292,YOINJ,0,2016
1293,YOADMIT,0,2016
1294,WORKREL,0,2016
1295,INDUSTRY,0,2016
1296,OCCUPATION,0,2016
1297,LECODE,0,2016
1298,LOCATION,0,2016
1299,TRANSFER,0,2016
1300,ALCOHOL,0,2016
1301,DRUG1,0,2016
1302,DRUG2,0,2016
1303,EDDISP,0,2016
1304,SIGNSOFLIFE,0,2016
1305,EMSRESP,0,2016
1306,EMSSCENE,0,2016
1307,EMSDAYS,0,2016
1308,EMSMINS,0,2016
1309,EDMIN,0,2016
1310,EDDAYS,0,2016
1311,ISSAIS,0,2016
1312,HEIGHT,0,2016
1313,WEIGHT,0,2016
1314,ECODE,0,2016
1315,ECODEDES,0,2016
1316,INJTYPE,0,2016
1317,INTENT,0,2016
1318,MECHANISM,0,2016
1319,ICD10_ECODE,0,2016
1320,ICD10_ECODE_DESCRIPTION,0,2016
1321,Intent,0,2016
1322,Mechanism,0,2016
1323,Trauma_Type,0,2016
1324,INC_KEY,0,2016
1325,PROTDEV,0,2016
1326,CHILDRES,0,2016
1327,AIRBAG,0,2016
1328,INC_KEY,0,2016
1329,HOSPDISP,0,2016
1330,PAYMENT,0,2016
1331,LOSMIN,0,2016
1332,LOSDAYS,0,2016
1333,ICUDAYS,0,2016
1334,VENTDAYS,0,2016
1335,YODISCH,0,2016
1336,INC_KEY,0,2016
1337,TRANTYPE,0,2016
1338,TMODE,0,2016
1339,inc_key,0,2016
1340,TQIPSITE,0,2016
1341,ADULTTQIP,0,2016
1342,PEDSTQIP,0,2016
1343,L3TQIP,0,2016
1344,ICD10_PCODE,0,2016
1345,ICD10_PCODEDES,0,2016
1346,INC_KEY,0,2016
1347,AISVER,0,2016
1348,PREDOT,0,2016
1349,SEVERITY,0,2016
1350,INC_KEY,0,2016
1351,ICD10_PRIMARY_ECODE,0,2016
1352,ICD10_ADDITONAL_ECODE,0,2016
1353,inc_key,0,2016
1354,EMBOLIZATION_SITE_CODE,0,2016
1355,EMBOLIZATION_SITE_DESC,0,2016
1356,DCODE,0,2016
1357,DCODEDES,0,2016
1358,DXTYPE,0,2016
1359,REGION1,0,2016
1360,REGION2,0,2016
1361,REGION3,0,2016
1362,AISVER,0,2016
1363,PREDOT,0,2016
1364,SEVERITY,0,2016
1365,AISDESC,0,2016
1366,INC_KEY,0,2016
1367,ICD10_LCODE,0,2016
1368,AIS05_PREDOT,0,2016
1369,AIS05_SEVERITY,0,2016
1370,AIS98_PREDOT,0,2016
1371,AIS98_SEVERITY,0,2016
1372,AIS98_DESCRIPTION,0,2016
1373,INC_KEY,0,2016
1374,ICD10_DCODE,0,2016
1375,INC_KEY,0,2016
1376,YOBIRTH,0,2016
1377,AGE,0,2016
1378,GENDER,0,2016
1379,RACE1,0,2016
1380,RACE2,0,2016
1381,ETHNIC,0,2016
1382,TEACHINGSTATUS,0,2016
1383,ADULTVERIFICATIONLEVEL,0,2016
1384,PEDIATRICVERIFICATIONLEVEL,0,2016
1385,STATEDESIGNATION,0,2016
1386,PEDIATRICSTATEDESIGNATION,0,2016
1387,BEDSIZE,0,2016
1388,HOSPITALTYPE,0,2016
1389,inc_key,0,2016
1390,TBI_CEREBRAL_MONITOR_CODE,0,2016
1391,TBI_CEREBRAL_MONITOR_DESC,0,2016
1392,ICD10_DCODE,0,2016
1393,ICD10_DCODEDES,0,2016
1394,LEVEL1,0,2016
1395,LEVEL2,0,2016
1396,LEVEL3,0,2016
1397,LEVEL4,0,2016
1398,ICD10_VERSION,0,2016
1399,INC_KEY,0,2016
1400,COMORKEY,0,2016
1401,COMORDES,0,2016
1402,inc_key,0,2016
1403,TBI_HIGHEST_TOTAL_GCS,0,2016
1404,TBI_GCS_MOTOR,0,2016
1405,VTE_PROPHYLAXIS_TYPE_CODE,0,2016
1406,VTE_PROPHYLAXIS_TYPE_DESC,0,2016
1407,LOWEST_SBP,0,2016
1408,TRANS_BLOOD_4HOURS,0,2016
1409,TRANS_PLASMA_4HOURS,0,2016
1410,TRANS_PLATELETS_4HOURS,0,2016
1411,CRYOPRECIPITATE_4HOURS,0,2016
1412,TRANS_BLOOD_24HOURS,0,2016
1413,TRANS_PLASMA_24HOURS,0,2016
1414,TRANS_PLATELETS_24HOURS,0,2016
1415,CRYOPRECIPITATE_24HOURS,0,2016
1416,ANGIOGRAPHY_CODE,0,2016
1417,ANGIOGRAPHY_DESC,0,2016
1418,HEMORRHAGE_CTRL_STYPE_CODE,0,2016
1419,HEMORRHAGE_CTRL_STYPE_DESC,0,2016
1420,WITHDRAWAL_OF_CARE_CODE,0,2016
1421,WITHDRAWAL_OF_CARE_DESC,0,2016
1422,TRANS_BLOOD_MEASURE_CODE,0,2016
1423,TRANS_BLOOD_MEASURE_DESC,0,2016
1424,TRANS_BLOOD_CONV,0,2016
1425,TRANS_PLASMA_MEASURE_CODE,0,2016
1426,TRANS_PLASMA_MEASURE_DESC,0,2016
1427,TRANS_PLASMA_CONV,0,2016
1428,TRANS_PLATELETS_MEASURE_CODE,0,2016
1429,TRANS_PLATELETS_MEASURE_DESC,0,2016
1430,TRANS_PLATELETS_CONV,0,2016
1431,CRYOPRECIPITATE_MEASURE_CODE,0,2016
1432,CRYOPRECIPITATE_MEASURE_DESC,0,2016
1433,CRYOPRECIPITATE_CONV,0,2016
1434,PUPILLARY_RESPONSE_CODE,0,2016
1435,PUPILLARY_RESPONSE_DESC,0,2016
1436,MIDLINE_SHIFT_CODE,0,2016
1437,MIDLINE_SHIFT_DESC,0,2016
1438,CerebralMonitorMins,0,2016
1439,CerebralMonitorDays,0,2016
1440,VTEMins,0,2016
1441,VTEDays,0,2016
1442,AngiographyMins,0,2016
1443,AngiographyDays,0,2016
1444,HemorrhageCtrlMins,0,2016
1445,HemorrhageCtrlDays,0,2016
1446,WithdrawalOfCareMins,0,2016
1447,WithdrawalOfCareDays,0,2016
1448,PCODE,0,2016
1449,PCODEDESCR,0,2016
1450,inc_key,0,2017
1451,SEX,0,2017
1452,SEX_BIU,0,2017
1453,AGEYEARS,0,2017
1454,ASIAN,0,2017
1455,PACIFICISLANDER,0,2017
1456,RACEOTHER,0,2017
1457,AMERICANINDIAN,0,2017
1458,BLACK,0,2017
1459,WHITE,0,2017
1460,RACE_NA,0,2017
1461,RACE_UK,0,2017
1462,ETHNICITY,0,2017
1463,ETHNICITY_BIU,0,2017
1464,WORKRELATED,0,2017
1465,WORKRELATED_BIU,0,2017
1466,PTOCCUPATIONALINDUSTRY,0,2017
1467,PTOCCUPATIONALINDUSTRY_BIU,0,2017
1468,PATIENTSOCCUPATION,0,2017
1469,PATIENTSOCCUPATION_BIU,0,2017
1470,PRIMARYECODEICD10,0,2017
1471,PRIMARYECODEICD10_BIU,0,2017
1472,PLACEOFINJURYCODE,0,2017
1473,PLACEOFINJURYCODE_BIU,0,2017
1474,ADDITIONALECODEICD10,0,2017
1475,ADDITIONALECODEICD10_BIU,0,2017
1476,PROTDEV_NONE,0,2017
1477,PROTDEV_LAP_BELT,0,2017
1478,PROTDEV_PER_FLOAT,0,2017
1479,PROTDEV_PROTECT_GEAR,0,2017
1480,PROTDEV_EYE_PROTECT,0,2017
1481,PROTDEV_CHILD_RESTRAINT,0,2017
1482,PROTDEV_HELMET,0,2017
1483,PROTDEV_AIRBAG_PRESENT,0,2017
1484,PROTDEV_PROTECT_CLOTH,0,2017
1485,PROTDEV_SHOULDER_BELT,0,2017
1486,PROTDEV_OTHER,0,2017
1487,PROTDEV_NA,0,2017
1488,PROTDEV_UK,0,2017
1489,CHILDSPECIFICRESTRAINT,0,2017
1490,AIRBAG_NOTDEPLOYED,0,2017
1491,AIRBAG_DEPLOYED_FRNT,0,2017
1492,AIRBAG_DEPLOYED_SIDE,0,2017
1493,AIRBAG_DEPLOYED_OTHER,0,2017
1494,AIRBAG_DEPLOYED_NA,0,2017
1495,AIRBAG_DEPLOYED_UK,0,2017
1496,ABUSEREPORT,0,2017
1497,ABUSEREPORT_BIU,0,2017
1498,ABUSEINVESTIGATION,0,2017
1499,ABUSEINVESTIGATION_BIU,0,2017
1500,CAREGIVERATDISCHARGE,0,2017
1501,CAREGIVERATDISCHARGE_BIU,0,2017
1502,TRANSPORTMODE,0,2017
1503,TRANSPORTMODE_BIU,0,2017
1504,TM_GROUNDAMBULANCE,0,2017
1505,TM_HELICOPTERAMBULANCE,0,2017
1506,TM_FIXEDWINGAMBULANCE,0,2017
1507,TM_PRIVPUBVEHWALKIN,0,2017
1508,TM_POLICE,0,2017
1509,TM_OTHER,0,2017
1510,TM_NA,0,2017
1511,TM_UK,0,2017
1512,EMSSBP,0,2017
1513,EMSSBP_BIU,0,2017
1514,EMSPULSERATE,0,2017
1515,EMSPULSERATE_BIU,0,2017
1516,EMSRESPIRATORYRATE,0,2017
1517,EMSRESPIRATORYRATE_BIU,0,2017
1518,EMSPULSEOXIMETRY,0,2017
1519,EMSPULSEOXIMETRY_BIU,0,2017
1520,EMSGCSEYE,0,2017
1521,EMSGCSEYE_BIU,0,2017
1522,EMSGCSVERBAL,0,2017
1523,EMSGCSVERBAL_BIU,0,2017
1524,EMSGCSMOTOR,0,2017
1525,EMSGCSMOTOR_BIU,0,2017
1526,EMSTOTALGCS,0,2017
1527,EMSTOTALGCS_BIU,0,2017
1528,EMSRESPONSEMINS,0,2017
1529,EMSRESPONSEDAYS,0,2017
1530,EMSSCENEMINS,0,2017
1531,EMSSCENEDAYS,0,2017
1532,EMSMINS,0,2017
1533,EMSDAYS,0,2017
1534,INTERFACILITYTRANSFER,0,2017
1535,INTERFACILITYTRANSFER_BIU,0,2017
1536,PREHOSPITALCARDIACARREST,0,2017
1537,PREHOSPITALCARDIACARREST_BIU,0,2017
1538,TCCGCSLE13,0,2017
1539,TCCSBPLT30,0,2017
1540,TCC10RR29,0,2017
1541,TCCPEN,0,2017
1542,TCCCHEST,0,2017
1543,TCCLONGBONE,0,2017
1544,TCCCRUSHED,0,2017
1545,TCCAMPUTATION,0,2017
1546,TCCPELVIC,0,2017
1547,TCCSKULLFRACTURE,0,2017
1548,TCCPARALYSIS,0,2017
1549,TCC_NA,0,2017
1550,TCC_UK,0,2017
1551,VPOFALLADULT,0,2017
1552,VPOFALLCHILD,0,2017
1553,VPOCRASHINTRUSION,0,2017
1554,VPOCRASHEJECT,0,2017
1555,VPOCRASHDEATH,0,2017
1556,VPOCRASHTELEMETRY,0,2017
1557,VPOAUTOPEDIMPACT,0,2017
1558,VPOMOTORCYCLECRASH,0,2017
1559,VPO65SBP110,0,2017
1560,VPOANTICOAGULANT,0,2017
1561,VPOPREGNANCY20WKS,0,2017
1562,VPOEMSJUDGE,0,2017
1563,VPOBURNS,0,2017
1564,VPOTRAUMABURNS,0,2017
1565,VPO_NA,0,2017
1566,VPO_UK,0,2017
1567,EDMins,0,2017
1568,EDDAYS,0,2017
1569,SBP,0,2017
1570,SBP_BIU,0,2017
1571,PULSERATE,0,2017
1572,PULSERATE_BIU,0,2017
1573,TEMPERATURE,0,2017
1574,TEMPERATURE_BIU,0,2017
1575,RESPIRATORYRATE,0,2017
1576,RESPIRATORYRATE_BIU,0,2017
1577,RESPIRATORYASSISTANCE,0,2017
1578,RESPIRATORYASSISTANCE_BIU,0,2017
1579,PULSEOXIMETRY,0,2017
1580,PULSEOXIMETRY_BIU,0,2017
1581,SUPPLEMENTALOXYGEN,0,2017
1582,SUPPLEMENTALOXYGEN_BIU,0,2017
1583,HEIGHT,0,2017
1584,HEIGHT_BIU,0,2017
1585,WEIGHT,0,2017
1586,WEIGHT_BIU,0,2017
1587,PRIMARYMETHODPAYMENT,0,2017
1588,PRIMARYMETHODPAYMENT_BIU,0,2017
1589,GCSEYE,0,2017
1590,GCSEYE_BIU,0,2017
1591,GCSVERBAL,0,2017
1592,GCSVERBAL_BIU,0,2017
1593,GCSMOTOR,0,2017
1594,GCSMOTOR_BIU,0,2017
1595,TOTALGCS,0,2017
1596,TOTALGCS_BIU,0,2017
1597,GCSQ_SEDATEDPARALYZED,0,2017
1598,GCSQ_EYEOBSTRUCTION,0,2017
1599,GCSQ_INTUBATED,0,2017
1600,GCSQ_VALID,0,2017
1601,GCSQ_NA,0,2017
1602,GCSQ_UK,0,2017
1603,DRGSCR_AMPHETAMINE,0,2017
1604,DRGSCR_BARBITURATE,0,2017
1605,DRGSCR_BENZODIAZEPINES,0,2017
1606,DRGSCR_COCAINE,0,2017
1607,DRGSCR_METHAMPHETAMINE,0,2017
1608,DRGSCR_ECSTASY,0,2017
1609,DRGSCR_METHADONE,0,2017
1610,DRGSCR_OPIOID,0,2017
1611,DRGSCR_OXYCODONE,0,2017
1612,DRGSCR_PHENCYCLIDINE,0,2017
1613,DRGSCR_TRICYCLICDEPRESS,0,2017
1614,DRGSCR_CANNABINOID,0,2017
1615,DRGSCR_OTHER,0,2017
1616,DRGSCR_NONE,0,2017
1617,DRGSCR_NOTTESTED,0,2017
1618,DRGSCR_UK,0,2017
1619,DRGSCR_NA,0,2017
1620,ALCOHOLSCREEN,0,2017
1621,ALCOHOLSCREEN_BIU,0,2017
1622,ALCOHOLSCREENRESULT,0,2017
1623,ALCOHOLSCREENRESULT_BIU,0,2017
1624,EDDISCHARGEDISPOSITION,0,2017
1625,EDDISCHARGEDISPOSITION_BIU,0,2017
1626,DEATHINED,0,2017
1627,DEATHINED_BIU,0,2017
1628,HOSPDISCHARGEDISPOSITION,0,2017
1629,HOSPDISCHARGEDISPOSITION_BIU,0,2017
1630,CC_ADHD,0,2017
1631,CC_ADLC,0,2017
1632,CC_ALCOHOLISM,0,2017
1633,CC_ANGINAPECTORIS,0,2017
1634,CC_ANTICOAGULANT,0,2017
1635,CC_BLEEDING,0,2017
1636,CC_CHEMO,0,2017
1637,CC_CIRRHOSIS,0,2017
1638,CC_CONGENITAL,0,2017
1639,CC_COPD,0,2017
1640,CC_CVA,0,2017
1641,CC_DEMENTIA,0,2017
1642,CC_DIABETES,0,2017
1643,CC_DISCANCER,0,2017
1644,CC_FUNCTIONAL,0,2017
1645,CC_CHF,0,2017
1646,CC_HYPERTENSION,0,2017
1647,CC_MI,0,2017
1648,CC_OTHER,0,2017
1649,CC_PAD,0,2017
1650,CC_PREMATURITY,0,2017
1651,CC_MENTALPERSONALITY,0,2017
1652,CC_RENAL,0,2017
1653,CC_SMOKING,0,2017
1654,CC_STEROID,0,2017
1655,CC_SUBSTANCEABUSE,0,2017
1656,CC_UK,0,2017
1657,CC_NA,0,2017
1658,TOTALICULOS,0,2017
1659,TOTALICULOS_BIU,0,2017
1660,TOTALVENTDAYS,0,2017
1661,TOTALVENTDAYS_BIU,0,2017
1662,LOSMins,0,2017
1663,LOSDays,0,2017
1664,HC_CLABSI,0,2017
1665,HC_DEEPSSI,0,2017
1666,HC_DVTHROMBOSIS,0,2017
1667,HC_ALCOHOLWITHDRAWAL,0,2017
1668,HC_CARDARREST,0,2017
1669,HC_CAUTI,0,2017
1670,HC_EMBOLISM,0,2017
1671,HC_EXTREMITYCS,0,2017
1672,HC_INTUBATION,0,2017
1673,HC_KIDNEY,0,2017
1674,HC_MI,0,2017
1675,HC_ORGANSPACESSI,0,2017
1676,HC_OSTEOMYELITIS,0,2017
1677,HC_OTHER,0,2017
1678,HC_RESPIRATORY,0,2017
1679,HC_RETURNOR,0,2017
1680,HC_SEPSIS,0,2017
1681,HC_STROKECVA,0,2017
1682,HC_SUPERFICIALINCISIONSSI,0,2017
1683,HC_PRESSUREULCER,0,2017
1684,HC_UNPLANNEDICU,0,2017
1685,HC_VAPNEUMONIA,0,2017
1686,HC_NA,0,2017
1687,HC_UK,0,2017
1688,TBIHIGHESTTOTALGCS,0,2017
1689,TBIHIGHESTTOTALGCS_BIU,0,2017
1690,TBIGCSMOTOR,0,2017
1691,TBIGCSMOTOR_BIU,0,2017
1692,PMGCSQ_SEDATEDPARALYZED,0,2017
1693,PMGCSQ_EYEOBSTRUCTION,0,2017
1694,PMGCSQ_INTUBATED,0,2017
1695,PMGCSQ_VALID,0,2017
1696,PMGCSQ_NA,0,2017
1697,PMGCSQ_UK,0,2017
1698,TBIPUPILLARYRESPONSE,0,2017
1699,TBIPUPILLARYRESPONSE_BIU,0,2017
1700,TBIMIDLINESHIFT,0,2017
1701,TBIMIDLINESHIFT_BIU,0,2017
1702,ICPEVDRAIN,0,2017
1703,ICPPARENCH,0,2017
1704,ICPO2MONITOR,0,2017
1705,ICPJVBULB,0,2017
1706,ICPNONE,0,2017
1707,ICP_NA,0,2017
1708,ICP_UK,0,2017
1709,VTEPROPHYLAXISTYPE,0,2017
1710,VTEPROPHYLAXISTYPE_BIU,0,2017
1711,CerebralMonitorMins,0,2017
1712,CerebralMonitorDays,0,2017
1713,VTEProphylaxisMins,0,2017
1714,VTEProphylaxisDays,0,2017
1715,BLOOD4HOURS,0,2017
1716,BLOOD4HOURS_BIU,0,2017
1717,BLOOD24HOURS,0,2017
1718,BLOOD24HOURS_BIU,0,2017
1719,BLOODMEASURE,0,2017
1720,BLOODMEASURE_BIU,0,2017
1721,BLOODCONVERSION,0,2017
1722,BLOODCONVERSION_BIU,0,2017
1723,PLASMA4HOURS,0,2017
1724,PLASMA4HOURS_BIU,0,2017
1725,PLASMA24HOURS,0,2017
1726,PLASMA24HOURS_BIU,0,2017
1727,PLASMAMEASURE,0,2017
1728,PLASMAMEASURE_BIU,0,2017
1729,PLASMACONVERSION,0,2017
1730,PLASMACONVERSION_BIU,0,2017
1731,PLATELETS4HOURS,0,2017
1732,PLATELETS4HOURS_BIU,0,2017
1733,PLATELETS24HOURS,0,2017
1734,PLATELETS24HOURS_BIU,0,2017
1735,PLATELETSMEASURE,0,2017
1736,PLATELETSMEASURE_BIU,0,2017
1737,PLATELETSCONVERSION,0,2017
1738,PLATELETSCONVERSION_BIU,0,2017
1739,CRYOPRECIPITATE4HOURS,0,2017
1740,CRYOPRECIPITATE4HOURS_BIU,0,2017
1741,CRYOPRECIPITATE24HOURS,0,2017
1742,CRYOPRECIPITATE24HOURS_BIU,0,2017
1743,CRYOPRECIPITATEMEASURE,0,2017
1744,CRYOPRECIPITATEMEASURE_BIU,0,2017
1745,CRYOPRECIPITATECONVERSION,0,2017
1746,CRYOPRECIPITATECONVERSION_BIU,0,2017
1747,LOWESTSBP,0,2017
1748,LOWESTSBP_BIU,0,2017
1749,ANGIOGRAPHY,0,2017
1750,ANGIOGRAPHY_BIU,0,2017
1751,ESLIVER,0,2017
1752,ESSPLEEN,0,2017
1753,ESKIDNEY,0,2017
1754,ESPELVIS,0,2017
1755,ESRETROPERI,0,2017
1756,ESVASCULAR,0,2017
1757,ESAORTA,0,2017
1758,ESOTHER,0,2017
1759,ES_UK,0,2017
1760,ES_NA,0,2017
1761,ANGIOGRAPHYMins,0,2017
1762,ANGIOGRAPHYDays,0,2017
1763,HMRRHGCTRLSURGTYPE,0,2017
1764,HMRRHGCTRLSURGTYPE_BIU,0,2017
1765,HMRRHGCTRLSURGMins,0,2017
1766,HMRRHGCTRLSURGDays,0,2017
1767,WITHDRAWALLST,0,2017
1768,WITHDRAWALLST_BIU,0,2017
1769,WITHDRAWALLSTMins,0,2017
1770,WITHDRAWALLSTDays,0,2017
1771,ISS_05,0,2017
1772,TEACHINGSTATUS,0,2017
1773,HOSPITALTYPE,0,2017
1774,BEDSIZE,0,2017
1775,VERIFICATIONLEVEL,0,2017
1776,PEDIATRICVERIFICATIONLEVEL,0,2017
1777,STATEDESIGNATION,0,2017
1778,STATEPEDIATRICDESIGNATION,0,2017
1779,YoDisch,0,2017
1780,inc_key,0,2017
1781,AISPREDOT,0,2017
1782,AISPREDOT_BIU,0,2017
1783,AISSeverity,0,2017
1784,AISSeverity_BIU,0,2017
1785,AISVersion,0,2017
1786,ICDPROCEDURECODE,0,2017
1787,ICDProcedureCode_Desc,0,2017
1788,ICD_VERSION,0,2017
1789,ECode,0,2017
1790,Ecode_Desc,0,2017
1791,INTENT,0,2017
1792,MECHANISM,0,2017
1793,TRAUMATYPE,0,2017
1794,ICD_VERSION,0,2017
1795,Inc_Key,0,2017
1796,ICDPROCEDURECODE,0,2017
1797,ICDPROCEDURECODE_BIU,0,2017
1798,ICDProcedureVersion,0,2017
1799,ProcedureMins,0,2017
1800,ProcedureDays,0,2017
1801,FMTNAME,0,2017
1802,VALUE,0,2017
1803,LABEL,0,2017
1804,LENGTH,0,2017
1805,inc_key,0,2017
1806,TQIPSITE,0,2017
1807,ADULTTQIP,0,2017
1808,PedsTQIP,0,2017
1809,L3TQIP,0,2017
1810,AIS05_PREDOT,0,2017
1811,AIS05_SEVERITY,0,2017
1812,AIS98_PREDOT,0,2017
1813,AIS98_SEVERITY,0,2017
1814,AIS98_DESCRIPTION,0,2017
1815,Inc_Key,0,2017
1816,ICDDIAGNOSISCODE,0,2017
1817,ICDDIAGNOSISCODE_BIU,0,2017
1818,ICDDIAGNOSISVERSION,0,2017
1819,ICDDIAGNOSISCODE,0,2017
1820,ICDDiagnosisCode_Desc,0,2017
1821,ICD_VERSION,0,2017
1822,AISPREDOT,0,2017
1823,AISSEVERITY,0,2017
1824,AISDESCRIPTION,0,2017
1825,AISVERSION,0,2017
1826,ISSREGION,0,2017
1827,inc_key,0,2018
1828,SEX,0,2018
1829,SEX_BIU,0,2018
1830,AGEYears,0,2018
1831,AMERICANINDIAN,0,2018
1832,ASIAN,0,2018
1833,BLACK,0,2018
1834,PACIFICISLANDER,0,2018
1835,RACEOTHER,0,2018
1836,WHITE,0,2018
1837,RACE_NA,0,2018
1838,RACE_UK,0,2018
1839,ETHNICITY,0,2018
1840,ETHNICITY_BIU,0,2018
1841,WORKRELATED,0,2018
1842,WORKRELATED_BIU,0,2018
1843,PTOCCUPATIONALINDUSTRY,0,2018
1844,PTOCCUPATIONALINDUSTRY_BIU,0,2018
1845,PATIENTSOCCUPATION,0,2018
1846,PATIENTSOCCUPATION_BIU,0,2018
1847,PLACEOFINJURYCODE,0,2018
1848,PLACEOFINJURYCODE_BIU,0,2018
1849,PRIMARYECODEICD10,0,2018
1850,PRIMARYECODEICD10_BIU,0,2018
1851,ADDITIONALECODEICD10,0,2018
1852,ADDITIONALECODEICD10_BIU,0,2018
1853,PROTDEV_NONE,0,2018
1854,PROTDEV_LAP_BELT,0,2018
1855,PROTDEV_PER_FLOAT,0,2018
1856,PROTDEV_PROTECT_GEAR,0,2018
1857,PROTDEV_EYE_PROTECT,0,2018
1858,PROTDEV_CHILD_RESTRAINT,0,2018
1859,PROTDEV_HELMET,0,2018
1860,PROTDEV_AIRBAG_PRESENT,0,2018
1861,PROTDEV_PROTECT_CLOTH,0,2018
1862,PROTDEV_SHOULDER_BELT,0,2018
1863,PROTDEV_OTHER,0,2018
1864,PROTDEV_NA,0,2018
1865,PROTDEV_UK,0,2018
1866,CHILDSPECIFICRESTRAINT,0,2018
1867,AIRBAG_NOTDEPLOYED,0,2018
1868,AIRBAG_DEPLOYED_FRNT,0,2018
1869,AIRBAG_DEPLOYED_SIDE,0,2018
1870,AIRBAG_DEPLOYED_OTHER,0,2018
1871,AIRBAG_DEPLOYED_NA,0,2018
1872,AIRBAG_DEPLOYED_UK,0,2018
1873,ABUSEREPORT,0,2018
1874,ABUSEREPORT_BIU,0,2018
1875,ABUSEINVESTIGATION,0,2018
1876,ABUSEINVESTIGATION_BIU,0,2018
1877,CAREGIVERATDISCHARGE,0,2018
1878,CAREGIVERATDISCHARGE_BIU,0,2018
1879,TRANSPORTMODE,0,2018
1880,TRANSPORTMODE_BIU,0,2018
1881,TM_GROUNDAMBULANCE,0,2018
1882,TM_HELICOPTERAMBULANCE,0,2018
1883,TM_FIXEDWINGAMBULANCE,0,2018
1884,TM_PRIVPUBVEHWALKIN,0,2018
1885,TM_POLICE,0,2018
1886,TM_OTHER,0,2018
1887,TM_NA,0,2018
1888,TM_UK,0,2018
1889,EMSSBP,0,2018
1890,EMSSBP_BIU,0,2018
1891,EMSPULSERATE,0,2018
1892,EMSPULSERATE_BIU,0,2018
1893,EMSRESPIRATORYRATE,0,2018
1894,EMSRESPIRATORYRATE_BIU,0,2018
1895,EMSPULSEOXIMETRY,0,2018
1896,EMSPULSEOXIMETRY_BIU,0,2018
1897,EMSGCSEYE,0,2018
1898,EMSGCSEYE_BIU,0,2018
1899,EMSGCSMOTOR,0,2018
1900,EMSGCSMOTOR_BIU,0,2018
1901,EMSGCSVERBAL,0,2018
1902,EMSGCSVERBAL_BIU,0,2018
1903,EMSTOTALGCS,0,2018
1904,EMSTOTALGCS_BIU,0,2018
1905,EMSResponseMins,0,2018
1906,EMSResponseDays,0,2018
1907,EMSSceneMins,0,2018
1908,EMSSceneDays,0,2018
1909,EMSMins,0,2018
1910,EMSDays,0,2018
1911,INTERFACILITYTRANSFER,0,2018
1912,INTERFACILITYTRANSFER_BIU,0,2018
1913,PREHOSPITALCARDIACARREST,0,2018
1914,PREHOSPITALCARDIACARREST_BIU,0,2018
1915,TCCGCSLE13,0,2018
1916,TCCSBPLT30,0,2018
1917,TCC10RR29,0,2018
1918,TCCPEN,0,2018
1919,TCCCHEST,0,2018
1920,TCCLONGBONE,0,2018
1921,TCCCRUSHED,0,2018
1922,TCCAMPUTATION,0,2018
1923,TCCPELVIC,0,2018
1924,TCCSKULLFRACTURE,0,2018
1925,TCCPARALYSIS,0,2018
1926,TCC_NA,0,2018
1927,TCC_UK,0,2018
1928,VPOFALLADULT,0,2018
1929,VPOFALLCHILD,0,2018
1930,VPOCRASHINTRUSION,0,2018
1931,VPOCRASHEJECT,0,2018
1932,VPOCRASHDEATH,0,2018
1933,VPOCRASHTELEMETRY,0,2018
1934,VPOAUTOPEDIMPACT,0,2018
1935,VPOMOTORCYCLECRASH,0,2018
1936,VPO65SBP110,0,2018
1937,VPOANTICOAGULANT,0,2018
1938,VPOPREGNANCY20WKS,0,2018
1939,VPOEMSJUDGE,0,2018
1940,VPOBURNS,0,2018
1941,VPOTRAUMABURNS,0,2018
1942,VPO_NA,0,2018
1943,VPO_UK,0,2018
1944,EDMins,0,2018
1945,EDDays,0,2018
1946,SBP,0,2018
1947,SBP_BIU,0,2018
1948,PULSERATE,0,2018
1949,PULSERATE_BIU,0,2018
1950,TEMPERATURE,0,2018
1951,TEMPERATURE_BIU,0,2018
1952,RESPIRATORYRATE,0,2018
1953,RESPIRATORYRATE_BIU,0,2018
1954,RESPIRATORYASSISTANCE,0,2018
1955,RESPIRATORYASSISTANCE_BIU,0,2018
1956,PULSEOXIMETRY,0,2018
1957,PULSEOXIMETRY_BIU,0,2018
1958,SUPPLEMENTALOXYGEN,0,2018
1959,SUPPLEMENTALOXYGEN_BIU,0,2018
1960,HEIGHT,0,2018
1961,HEIGHT_BIU,0,2018
1962,WEIGHT,0,2018
1963,WEIGHT_BIU,0,2018
1964,PRIMARYMETHODPAYMENT,0,2018
1965,PRIMARYMETHODPAYMENT_BIU,0,2018
1966,GCSEYE,0,2018
1967,GCSEYE_BIU,0,2018
1968,GCSVERBAL,0,2018
1969,GCSVERBAL_BIU,0,2018
1970,GCSMOTOR,0,2018
1971,GCSMOTOR_BIU,0,2018
1972,TOTALGCS,0,2018
1973,TOTALGCS_BIU,0,2018
1974,GCSQ_SEDATEDPARALYZED,0,2018
1975,GCSQ_EYEOBSTRUCTION,0,2018
1976,GCSQ_INTUBATED,0,2018
1977,GCSQ_VALID,0,2018
1978,GCSQ_NA,0,2018
1979,GCSQ_UK,0,2018
1980,DRGSCR_AMPHETAMINE,0,2018
1981,DRGSCR_BARBITURATE,0,2018
1982,DRGSCR_BENZODIAZEPINES,0,2018
1983,DRGSCR_COCAINE,0,2018
1984,DRGSCR_METHAMPHETAMINE,0,2018
1985,DRGSCR_ECSTASY,0,2018
1986,DRGSCR_METHADONE,0,2018
1987,DRGSCR_OPIOID,0,2018
1988,DRGSCR_OXYCODONE,0,2018
1989,DRGSCR_PHENCYCLIDINE,0,2018
1990,DRGSCR_TRICYCLICDEPRESS,0,2018
1991,DRGSCR_CANNABINOID,0,2018
1992,DRGSCR_OTHER,0,2018
1993,DRGSCR_NONE,0,2018
1994,DRGSCR_NOTTESTED,0,2018
1995,DRGSCR_UK,0,2018
1996,DRGSCR_NA,0,2018
1997,ALCOHOLSCREEN,0,2018
1998,ALCOHOLSCREEN_BIU,0,2018
1999,ALCOHOLSCREENRESULT,0,2018
2000,ALCOHOLSCREENRESULT_BIU,0,2018
2001,EDDISCHARGEDISPOSITION,0,2018
2002,EDDISCHARGEDISPOSITION_BIU,0,2018
2003,DEATHINED,0,2018
2004,DEATHINED_BIU,0,2018
2005,HOSPDISCHARGEDISPOSITION,0,2018
2006,HOSPDISCHARGEDISPOSITION_BIU,0,2018
2007,CC_ADHD,0,2018
2008,CC_ADLC,0,2018
2009,CC_ALCOHOLISM,0,2018
2010,CC_ANGINAPECTORIS,0,2018
2011,CC_ANTICOAGULANT,0,2018
2012,CC_BLEEDING,0,2018
2013,CC_CHEMO,0,2018
2014,CC_CIRRHOSIS,0,2018
2015,CC_CONGENITAL,0,2018
2016,CC_COPD,0,2018
2017,CC_CVA,0,2018
2018,CC_DEMENTIA,0,2018
2019,CC_DIABETES,0,2018
2020,CC_DISCANCER,0,2018
2021,CC_FUNCTIONAL,0,2018
2022,CC_CHF,0,2018
2023,CC_HYPERTENSION,0,2018
2024,CC_MI,0,2018
2025,CC_OTHER,0,2018
2026,CC_PAD,0,2018
2027,CC_PREMATURITY,0,2018
2028,CC_MENTALPERSONALITY,0,2018
2029,CC_RENAL,0,2018
2030,CC_SMOKING,0,2018
2031,CC_STEROID,0,2018
2032,CC_SUBSTANCEABUSE,0,2018
2033,CC_UK,0,2018
2034,CC_NA,0,2018
2035,TOTALICULOS,0,2018
2036,TOTALICULOS_BIU,0,2018
2037,TOTALVENTDAYS,0,2018
2038,TOTALVENTDAYS_BIU,0,2018
2039,LOSMins,0,2018
2040,LOSDays,0,2018
2041,HC_CLABSI,0,2018
2042,HC_DEEPSSI,0,2018
2043,HC_DVTHROMBOSIS,0,2018
2044,HC_ALCOHOLWITHDRAWAL,0,2018
2045,HC_CARDARREST,0,2018
2046,HC_CAUTI,0,2018
2047,HC_EMBOLISM,0,2018
2048,HC_EXTREMITYCS,0,2018
2049,HC_INTUBATION,0,2018
2050,HC_KIDNEY,0,2018
2051,HC_MI,0,2018
2052,HC_ORGANSPACESSI,0,2018
2053,HC_OSTEOMYELITIS,0,2018
2054,HC_OTHER,0,2018
2055,HC_RESPIRATORY,0,2018
2056,HC_RETURNOR,0,2018
2057,HC_SEPSIS,0,2018
2058,HC_STROKECVA,0,2018
2059,HC_SUPERFICIALINCISIONSSI,0,2018
2060,HC_PRESSUREULCER,0,2018
2061,HC_UNPLANNEDICU,0,2018
2062,HC_VAPNEUMONIA,0,2018
2063,HC_NA,0,2018
2064,HC_UK,0,2018
2065,TBIHIGHESTTOTALGCS,0,2018
2066,TBIHIGHESTTOTALGCS_BIU,0,2018
2067,TBIGCSMOTOR,0,2018
2068,TBIGCSMOTOR_BIU,0,2018
2069,PMGCSQ_SEDATEDPARALYZED,0,2018
2070,PMGCSQ_EYEOBSTRUCTION,0,2018
2071,PMGCSQ_INTUBATED,0,2018
2072,PMGCSQ_VALID,0,2018
2073,PMGCSQ_NA,0,2018
2074,PMGCSQ_UK,0,2018
2075,TBIPUPILLARYRESPONSE,0,2018
2076,TBIPUPILLARYRESPONSE_BIU,0,2018
2077,TBIMIDLINESHIFT,0,2018
2078,TBIMIDLINESHIFT_BIU,0,2018
2079,BLOOD4HOURS,0,2018
2080,BLOOD4HOURS_BIU,0,2018
2081,BLOOD24HOURS,0,2018
2082,BLOOD24HOURS_BIU,0,2018
2083,BLOODMEASURE,0,2018
2084,BLOODMEASURE_BIU,0,2018
2085,BLOODCONVERSION,0,2018
2086,BLOODCONVERSION_BIU,0,2018
2087,PLASMA4HOURS,0,2018
2088,PLASMA4HOURS_BIU,0,2018
2089,PLASMA24HOURS,0,2018
2090,PLASMA24HOURS_BIU,0,2018
2091,PLASMAMEASURE,0,2018
2092,PLASMAMEASURE_BIU,0,2018
2093,PLASMACONVERSION,0,2018
2094,PLASMACONVERSION_BIU,0,2018
2095,PLATELETS4HOURS,0,2018
2096,PLATELETS4HOURS_BIU,0,2018
2097,PLATELETS24HOURS,0,2018
2098,PLATELETS24HOURS_BIU,0,2018
2099,PLATELETSMEASURE,0,2018
2100,PLATELETSMEASURE_BIU,0,2018
2101,PLATELETSCONVERSION,0,2018
2102,PLATELETSCONVERSION_BIU,0,2018
2103,CRYOPRECIPITATE4HOURS,0,2018
2104,CRYOPRECIPITATE4HOURS_BIU,0,2018
2105,CRYOPRECIPITATE24HOURS,0,2018
2106,CRYOPRECIPITATE24HOURS_BIU,0,2018
2107,CRYOPRECIPITATEMEASURE,0,2018
2108,CRYOPRECIPITATEMEASURE_BIU,0,2018
2109,CRYOPRECIPITATECONVERSION,0,2018
2110,CRYOPRECIPITATECONVERSION_BIU,0,2018
2111,LOWESTSBP,0,2018
2112,LOWESTSBP_BIU,0,2018
2113,ESLIVER,0,2018
2114,ESSPLEEN,0,2018
2115,ESKIDNEY,0,2018
2116,ESPELVIS,0,2018
2117,ESRETROPERI,0,2018
2118,ESVASCULAR,0,2018
2119,ESAORTA,0,2018
2120,ESOTHER,0,2018
2121,ES_UK,0,2018
2122,ES_NA,0,2018
2123,ANGIOGRAPHY,0,2018
2124,ANGIOGRAPHY_BIU,0,2018
2125,AngiographyMins,0,2018
2126,AngiographyDays,0,2018
2127,HMRRHGCTRLSURGTYPE,0,2018
2128,HMRRHGCTRLSURGTYPE_BIU,0,2018
2129,HmrrhgCtrlSurgMins,0,2018
2130,HmrrhgCtrlSurgDays,0,2018
2131,ICPEVDRAIN,0,2018
2132,ICPPARENCH,0,2018
2133,ICPO2MONITOR,0,2018
2134,ICPJVBULB,0,2018
2135,ICPNONE,0,2018
2136,ICP_NA,0,2018
2137,ICP_UK,0,2018
2138,CerebralMonitorMins,0,2018
2139,CerebralMonitorDays,0,2018
2140,VTEPROPHYLAXISTYPE,0,2018
2141,VTEPROPHYLAXISTYPE_BIU,0,2018
2142,VTEProphylaxisMins,0,2018
2143,VTEProphylaxisDays,0,2018
2144,WITHDRAWALLST,0,2018
2145,WITHDRAWALLST_BIU,0,2018
2146,WithdrawalLSTMins,0,2018
2147,WithdrawalLSTDays,0,2018
2148,ISS_05,0,2018
2149,TEACHINGSTATUS,0,2018
2150,HOSPITALTYPE,0,2018
2151,BEDSIZE,0,2018
2152,VERIFICATIONLEVEL,0,2018
2153,PEDIATRICVERIFICATIONLEVEL,0,2018
2154,STATEDESIGNATION,0,2018
2155,STATEPEDIATRICDESIGNATION,0,2018
2156,YoDisch,0,2018
2157,inc_key,0,2018
2158,AISPREDOT,0,2018
2159,AISPREDOT_BIU,0,2018
2160,AISSeverity,0,2018
2161,AISSeverity_BIU,0,2018
2162,AISVersion,0,2018
2163,ICDPROCEDURECODE,0,2018
2164,ICDProcedureCode_Desc,0,2018
2165,ICD_VERSION,0,2018
2166,ECode,0,2018
2167,Ecode_Desc,0,2018
2168,INTENT,0,2018
2169,MECHANISM,0,2018
2170,TRAUMATYPE,0,2018
2171,ICD_VERSION,0,2018
2172,Inc_Key,0,2018
2173,ICDPROCEDURECODE,0,2018
2174,ICDPROCEDURECODE_BIU,0,2018
2175,ICDProcedureVersion,0,2018
2176,ProcedureMins,0,2018
2177,ProcedureDays,0,2018
2178,FMTNAME,0,2018
2179,VALUE,0,2018
2180,LABEL,0,2018
2181,LENGTH,0,2018
2182,inc_key,0,2018
2183,TQIPSITE,0,2018
2184,ADULTTQIP,0,2018
2185,PedsTQIP,0,2018
2186,L3TQIP,0,2018
2187,AIS05_PREDOT,0,2018
2188,AIS05_SEVERITY,0,2018
2189,AIS98_PREDOT,0,2018
2190,AIS98_SEVERITY,0,2018
2191,AIS98_DESCRIPTION,0,2018
2192,Inc_Key,0,2018
2193,ICDDIAGNOSISCODE,0,2018
2194,ICDDIAGNOSISCODE_BIU,0,2018
2195,ICDDIAGNOSISVERSION,0,2018
2196,ICDDIAGNOSISCODE,0,2018
2197,ICDDiagnosisCode_Desc,0,2018
2198,ICD_VERSION,0,2018
2199,AISPREDOT,0,2018
2200,AISSEVERITY,0,2018
2201,AISDESCRIPTION,0,2018
2202,AISVERSION,0,2018
2203,ISSREGION,0,2018
2204,inc_key,0,2019
2205,SEX,0,2019
2206,SEX_BIU,0,2019
2207,AGEyears,0,2019
2208,AMERICANINDIAN,0,2019
2209,ASIAN,0,2019
2210,BLACK,0,2019
2211,PACIFICISLANDER,0,2019
2212,RACEOTHER,0,2019
2213,WHITE,0,2019
2214,RACE_NA,0,2019
2215,RACE_UK,0,2019
2216,ETHNICITY,0,2019
2217,ETHNICITY_BIU,0,2019
2218,WORKRELATED,0,2019
2219,WORKRELATED_BIU,0,2019
2220,PTOCCUPATIONALINDUSTRY,0,2019
2221,PTOCCUPATIONALINDUSTRY_BIU,0,2019
2222,PATIENTSOCCUPATION,0,2019
2223,PATIENTSOCCUPATION_BIU,0,2019
2224,PLACEOFINJURYCODE,0,2019
2225,PLACEOFINJURYCODE_BIU,0,2019
2226,PRIMARYECODEICD10,0,2019
2227,PRIMARYECODEICD10_BIU,0,2019
2228,ADDITIONALECODEICD10,0,2019
2229,ADDITIONALECODEICD10_BIU,0,2019
2230,PROTDEV_NONE,0,2019
2231,PROTDEV_LAP_BELT,0,2019
2232,PROTDEV_PER_FLOAT,0,2019
2233,PROTDEV_PROTECT_GEAR,0,2019
2234,PROTDEV_EYE_PROTECT,0,2019
2235,PROTDEV_CHILD_RESTRAINT,0,2019
2236,PROTDEV_HELMET,0,2019
2237,PROTDEV_AIRBAG_PRESENT,0,2019
2238,PROTDEV_PROTECT_CLOTH,0,2019
2239,PROTDEV_SHOULDER_BELT,0,2019
2240,PROTDEV_OTHER,0,2019
2241,PROTDEV_NA,0,2019
2242,PROTDEV_UK,0,2019
2243,CHILDSPECIFICRESTRAINT,0,2019
2244,AIRBAG_NOTDEPLOYED,0,2019
2245,AIRBAG_DEPLOYED_FRNT,0,2019
2246,AIRBAG_DEPLOYED_SIDE,0,2019
2247,AIRBAG_DEPLOYED_OTHER,0,2019
2248,AIRBAG_DEPLOYED_NA,0,2019
2249,AIRBAG_DEPLOYED_UK,0,2019
2250,ABUSEREPORT,0,2019
2251,ABUSEREPORT_BIU,0,2019
2252,ABUSEINVESTIGATION,0,2019
2253,ABUSEINVESTIGATION_BIU,0,2019
2254,CAREGIVERATDISCHARGE,0,2019
2255,CAREGIVERATDISCHARGE_BIU,0,2019
2256,TRANSPORTMODE,0,2019
2257,TRANSPORTMODE_BIU,0,2019
2258,TM_GROUNDAMBULANCE,0,2019
2259,TM_HELICOPTERAMBULANCE,0,2019
2260,TM_FIXEDWINGAMBULANCE,0,2019
2261,TM_PRIVPUBVEHWALKIN,0,2019
2262,TM_POLICE,0,2019
2263,TM_OTHER,0,2019
2264,TM_NA,0,2019
2265,TM_UK,0,2019
2266,EMSSBP,0,2019
2267,EMSSBP_BIU,0,2019
2268,EMSPULSERATE,0,2019
2269,EMSPULSERATE_BIU,0,2019
2270,EMSRESPIRATORYRATE,0,2019
2271,EMSRESPIRATORYRATE_BIU,0,2019
2272,EMSPULSEOXIMETRY,0,2019
2273,EMSPULSEOXIMETRY_BIU,0,2019
2274,EMSGCSEYE,0,2019
2275,EMSGCSEYE_BIU,0,2019
2276,EMSGCSMOTOR,0,2019
2277,EMSGCSMOTOR_BIU,0,2019
2278,EMSGCSVERBAL,0,2019
2279,EMSGCSVERBAL_BIU,0,2019
2280,EMSTOTALGCS,0,2019
2281,EMSTOTALGCS_BIU,0,2019
2282,EMSDispatchHrs,0,2019
2283,EMSDispatchDays,0,2019
2284,EMSDispatchDH_BIU,0,2019
2285,EMSDepartureHrs,0,2019
2286,EMSDepartureDays,0,2019
2287,EMSDepartureDH_BIU,0,2019
2288,EMSARRIVALHRS,0,2019
2289,EMSARRIVALDAYS,0,2019
2290,EMSARRIVALDH_BIU,0,2019
2291,INTERFACILITYTRANSFER,0,2019
2292,INTERFACILITYTRANSFER_BIU,0,2019
2293,PREHOSPITALCARDIACARREST,0,2019
2294,PREHOSPITALCARDIACARREST_BIU,0,2019
2295,TCCGCSLE13,0,2019
2296,TCCSBPLT30,0,2019
2297,TCC10RR29,0,2019
2298,TCCPEN,0,2019
2299,TCCCHEST,0,2019
2300,TCCLONGBONE,0,2019
2301,TCCCRUSHED,0,2019
2302,TCCAMPUTATION,0,2019
2303,TCCPELVIC,0,2019
2304,TCCSKULLFRACTURE,0,2019
2305,TCCPARALYSIS,0,2019
2306,TCC_NA,0,2019
2307,TCC_UK,0,2019
2308,VPOFALLADULT,0,2019
2309,VPOFALLCHILD,0,2019
2310,VPOCRASHINTRUSION,0,2019
2311,VPOCRASHEJECT,0,2019
2312,VPOCRASHDEATH,0,2019
2313,VPOCRASHTELEMETRY,0,2019
2314,VPOAUTOPEDIMPACT,0,2019
2315,VPOMOTORCYCLECRASH,0,2019
2316,VPO65SBP110,0,2019
2317,VPOANTICOAGULANT,0,2019
2318,VPOPREGNANCY20WKS,0,2019
2319,VPOEMSJUDGE,0,2019
2320,VPOBURNS,0,2019
2321,VPOTRAUMABURNS,0,2019
2322,VPO_NA,0,2019
2323,VPO_UK,0,2019
2324,EDDISCHARGEHRS,0,2019
2325,EDDISCHARGEDAYS,0,2019
2326,EDDISCHARGEDH_BIU,0,2019
2327,SBP,0,2019
2328,SBP_BIU,0,2019
2329,PULSERATE,0,2019
2330,PULSERATE_BIU,0,2019
2331,TEMPERATURE,0,2019
2332,TEMPERATURE_BIU,0,2019
2333,RESPIRATORYRATE,0,2019
2334,RESPIRATORYRATE_BIU,0,2019
2335,RESPIRATORYASSISTANCE,0,2019
2336,RESPIRATORYASSISTANCE_BIU,0,2019
2337,PULSEOXIMETRY,0,2019
2338,PULSEOXIMETRY_BIU,0,2019
2339,SUPPLEMENTALOXYGEN,0,2019
2340,SUPPLEMENTALOXYGEN_BIU,0,2019
2341,HEIGHT,0,2019
2342,HEIGHT_BIU,0,2019
2343,WEIGHT,0,2019
2344,WEIGHT_BIU,0,2019
2345,PRIMARYMETHODPAYMENT,0,2019
2346,PRIMARYMETHODPAYMENT_BIU,0,2019
2347,GCSEYE,0,2019
2348,GCSEYE_BIU,0,2019
2349,GCSVERBAL,0,2019
2350,GCSVERBAL_BIU,0,2019
2351,GCSMOTOR,0,2019
2352,GCSMOTOR_BIU,0,2019
2353,TOTALGCS,0,2019
2354,TOTALGCS_BIU,0,2019
2355,GCSQ_SEDATEDPARALYZED,0,2019
2356,GCSQ_EYEOBSTRUCTION,0,2019
2357,GCSQ_INTUBATED,0,2019
2358,GCSQ_VALID,0,2019
2359,GCSQ_NA,0,2019
2360,GCSQ_UK,0,2019
2361,DRGSCR_AMPHETAMINE,0,2019
2362,DRGSCR_BARBITURATE,0,2019
2363,DRGSCR_BENZODIAZEPINES,0,2019
2364,DRGSCR_COCAINE,0,2019
2365,DRGSCR_METHAMPHETAMINE,0,2019
2366,DRGSCR_ECSTASY,0,2019
2367,DRGSCR_METHADONE,0,2019
2368,DRGSCR_OPIOID,0,2019
2369,DRGSCR_OXYCODONE,0,2019
2370,DRGSCR_PHENCYCLIDINE,0,2019
2371,DRGSCR_TRICYCLICDEPRESS,0,2019
2372,DRGSCR_CANNABINOID,0,2019
2373,DRGSCR_OTHER,0,2019
2374,DRGSCR_NONE,0,2019
2375,DRGSCR_NOTTESTED,0,2019
2376,DRGSCR_UK,0,2019
2377,DRGSCR_NA,0,2019
2378,ALCOHOLSCREEN,0,2019
2379,ALCOHOLSCREEN_BIU,0,2019
2380,ALCOHOLSCREENRESULT,0,2019
2381,ALCOHOLSCREENRESULT_BIU,0,2019
2382,EDDISCHARGEDISPOSITION,0,2019
2383,EDDISCHARGEDISPOSITION_BIU,0,2019
2384,DEATHINED,0,2019
2385,DEATHINED_BIU,0,2019
2386,HOSPDISCHARGEDISPOSITION,0,2019
2387,HOSPDISCHARGEDISPOSITION_BIU,0,2019
2388,TOTALICULOS,0,2019
2389,TOTALICULOS_BIU,0,2019
2390,TOTALVENTDAYS,0,2019
2391,TOTALVENTDAYS_BIU,0,2019
2392,FINALDISCHARGEHRS,0,2019
2393,FINALDISCHARGEDAYS,0,2019
2394,FINALDISCHARGEDH_BIU,0,2019
2395,HOSPITALARRIVALHRS,0,2019
2396,HOSPITALARRIVALDAYS,0,2019
2397,HOSPITALARRIVALDH_BIU,0,2019
2398,HOSPITALDISCHARGEHRS,0,2019
2399,HOSPITALDISCHARGEDAYS,0,2019
2400,HOSPITALDISCHARGEDH_BIU,0,2019
2401,TBIHIGHESTTOTALGCS,0,2019
2402,TBIHIGHESTTOTALGCS_BIU,0,2019
2403,TBIGCSMOTOR,0,2019
2404,TBIGCSMOTOR_BIU,0,2019
2405,PMGCSQ_SEDATEDPARALYZED,0,2019
2406,PMGCSQ_EYEOBSTRUCTION,0,2019
2407,PMGCSQ_INTUBATED,0,2019
2408,PMGCSQ_VALID,0,2019
2409,PMGCSQ_NA,0,2019
2410,PMGCSQ_UK,0,2019
2411,TBIPUPILLARYRESPONSE,0,2019
2412,TBIPUPILLARYRESPONSE_BIU,0,2019
2413,TBIMIDLINESHIFT,0,2019
2414,TBIMIDLINESHIFT_BIU,0,2019
2415,BLOOD4HOURS,0,2019
2416,BLOOD4HOURS_BIU,0,2019
2417,BLOODMEASURE,0,2019
2418,BLOODMEASURE_BIU,0,2019
2419,BLOODCONVERSION,0,2019
2420,BLOODCONVERSION_BIU,0,2019
2421,PLASMA4HOURS,0,2019
2422,PLASMA4HOURS_BIU,0,2019
2423,PLASMAMEASURE,0,2019
2424,PLASMAMEASURE_BIU,0,2019
2425,PLASMACONVERSION,0,2019
2426,PLASMACONVERSION_BIU,0,2019
2427,PLATELETS4HOURS,0,2019
2428,PLATELETS4HOURS_BIU,0,2019
2429,PLATELETSMEASURE,0,2019
2430,PLATELETSMEASURE_BIU,0,2019
2431,PLATELETSCONVERSION,0,2019
2432,PLATELETSCONVERSION_BIU,0,2019
2433,CRYOPRECIPITATE4HOURS,0,2019
2434,CRYOPRECIPITATE4HOURS_BIU,0,2019
2435,CRYOPRECIPITATEMEASURE,0,2019
2436,CRYOPRECIPITATEMEASURE_BIU,0,2019
2437,CRYOPRECIPITATECONVERSION,0,2019
2438,CRYOPRECIPITATECONVERSION_BIU,0,2019
2439,LOWESTSBP,0,2019
2440,LOWESTSBP_BIU,0,2019
2441,ESLIVER,0,2019
2442,ESSPLEEN,0,2019
2443,ESKIDNEY,0,2019
2444,ESPELVIS,0,2019
2445,ESRETROPERI,0,2019
2446,ESVASCULAR,0,2019
2447,ESAORTA,0,2019
2448,ESOTHER,0,2019
2449,ES_UK,0,2019
2450,ES_NA,0,2019
2451,ANGIOGRAPHY,0,2019
2452,ANGIOGRAPHY_BIU,0,2019
2453,ANGIOGRAPHYHRS,0,2019
2454,ANGIOGRAPHYDAYS,0,2019
2455,ANGIOGRAPHYDH_BIU,0,2019
2456,HMRRHGCTRLSURGTYPE,0,2019
2457,HMRRHGCTRLSURGTYPE_BIU,0,2019
2458,HMRRHGCTRLSURGHRS,0,2019
2459,HMRRHGCTRLSURGDAYS,0,2019
2460,HMRRHGCTRLSURGDH_BIU,0,2019
2461,ICPEVDRAIN,0,2019
2462,ICPPARENCH,0,2019
2463,ICPO2MONITOR,0,2019
2464,ICPJVBULB,0,2019
2465,ICPNONE,0,2019
2466,ICP_NA,0,2019
2467,ICP_UK,0,2019
2468,TBICEREBRALMONITORHRS,0,2019
2469,TBICEREBRALMONITORDAYS,0,2019
2470,TBICEREBRALMONITORDH_BIU,0,2019
2471,VTEPROPHYLAXISTYPE,0,2019
2472,VTEPROPHYLAXISTYPE_BIU,0,2019
2473,VTEPROPHYLAXISHRS,0,2019
2474,VTEPROPHYLAXISDAYS,0,2019
2475,VTEPROPHYLAXISDH_BIU,0,2019
2476,WITHDRAWALLST,0,2019
2477,WITHDRAWALLST_BIU,0,2019
2478,WITHDRAWALLSTHRS,0,2019
2479,WITHDRAWALLSTDAYS,0,2019
2480,WITHDRAWALLSTDH_BIU,0,2019
2481,ANTIBIOTICTHERAPY,0,2019
2482,ANTIBIOTICTHERAPY_BIU,0,2019
2483,ANTIBIOTICTHERAPYHRS,0,2019
2484,ANTIBIOTICTHERAPYDAYS,0,2019
2485,ANTIBIOTICTHERAPYDH_BIU,0,2019
2486,ISS_05,0,2019
2487,EMSGCS40EYE,0,2019
2488,EMSGCS40EYE_BIU,0,2019
2489,EMSGCS40MOTOR,0,2019
2490,EMSGCS40MOTOR_BIU,0,2019
2491,EMSGCS40VERBAL,0,2019
2492,EMSGCS40VERBAL_BIU,0,2019
2493,GCS40EYE,0,2019
2494,GCS40EYE_BIU,0,2019
2495,GCS40MOTOR,0,2019
2496,GCS40MOTOR_BIU,0,2019
2497,GCS40VERBAL,0,2019
2498,GCS40VERBAL_BIU,0,2019
2499,TBIGCS40MOTOR,0,2019
2500,TBIGCS40MOTOR_BIU,0,2019
2501,TEACHINGSTATUS,0,2019
2502,HOSPITALTYPE,0,2019
2503,Bedsize,0,2019
2504,VERIFICATIONLEVEL,0,2019
2505,PEDIATRICVERIFICATIONLEVEL,0,2019
2506,STATEDESIGNATION,0,2019
2507,STATEPEDIATRICDESIGNATION,0,2019
2508,inc_key,0,2019
2509,AISVersion,0,2019
2510,AISPreDot,0,2019
2511,AISSeverity,0,2019
2512,ICDPROCEDURECODE,0,2019
2513,ICDProcedureCode_Desc,0,2019
2514,ICD_VERSION,0,2019
2515,ECode,0,2019
2516,Ecode_Desc,0,2019
2517,INTENT,0,2019
2518,MECHANISM,0,2019
2519,TRAUMATYPE,0,2019
2520,ICD_VERSION,0,2019
2521,Inc_Key,0,2019
2522,ICDPROCEDURECODE,0,2019
2523,ICDProcedureVersion,0,2019
2524,HOSPITALPROCEDURESTARTHRS,0,2019
2525,HOSPITALPROCEDURESTARTDAYS,0,2019
2526,HOSPITALPROCEDURESTARTDH_BIU,0,2019
2527,inc_key,0,2019
2528,TQIPSITE,0,2019
2529,ADULTTQIP,0,2019
2530,PedsTQIP,0,2019
2531,L3TQIP,0,2019
2532,FmtName,0,2019
2533,Start,0,2019
2534,End,0,2019
2535,Label,0,2019
2536,AIS05_PREDOT,0,2019
2537,AIS05_SEVERITY,0,2019
2538,AIS98_PREDOT,0,2019
2539,AIS98_SEVERITY,0,2019
2540,AIS98_DESCRIPTION,0,2019
2541,Inc_Key,0,2019
2542,ICDDIAGNOSISCODE,0,2019
2543,ICDDIAGNOSISVERSION,0,2019
2544,ICDDIAGNOSISCODE,0,2019
2545,ICDDiagnosisCode_Desc,0,2019
2546,ICD_VERSION,0,2019
2547,Inc_Key,0,2019
2548,PREEXISTINGCONDITION,0,2019
2549,PREEXISTINGCONDITIONANSWER,0,2019
2550,PREEXISTINGCONDITIONANSWER_BIU,0,2019
2551,Inc_Key,0,2019
2552,HOSPITALEVENT,0,2019
2553,HOSPITALEVENTANSWER,0,2019
2554,HOSPITALEVENTANSWER_BIU,0,2019
2555,TableName,0,2019
2556,VariableName,0,2019
2557,Format,0,2019
2558,AISPREDOT,0,2019
2559,AISSEVERITY,0,2019
2560,AISDESCRIPTION,0,2019
2561,AISVERSION,0,2019
2562,ISSREGION,0,2019
2563,inc_key,0,2020
2564,SEX,0,2020
2565,SEX_BIU,0,2020
2566,AGEyears,0,2020
2567,AMERICANINDIAN,0,2020
2568,ASIAN,0,2020
2569,BLACK,0,2020
2570,PACIFICISLANDER,0,2020
2571,RACEOTHER,0,2020
2572,WHITE,0,2020
2573,RACE_NA,0,2020
2574,RACE_UK,0,2020
2575,ETHNICITY,0,2020
2576,ETHNICITY_BIU,0,2020
2577,WORKRELATED,0,2020
2578,WORKRELATED_BIU,0,2020
2579,PTOCCUPATIONALINDUSTRY,0,2020
2580,PTOCCUPATIONALINDUSTRY_BIU,0,2020
2581,PATIENTSOCCUPATION,0,2020
2582,PATIENTSOCCUPATION_BIU,0,2020
2583,PLACEOFINJURYCODE,0,2020
2584,PLACEOFINJURYCODE_BIU,0,2020
2585,PRIMARYECODEICD10,0,2020
2586,PRIMARYECODEICD10_BIU,0,2020
2587,ADDITIONALECODE1,0,2020
2588,ADDITIONALECODE1_BIU,0,2020
2589,ADDITIONALECODE2,0,2020
2590,ADDITIONALECODE2_BIU,0,2020
2591,PROTDEV_NONE,0,2020
2592,PROTDEV_LAP_BELT,0,2020
2593,PROTDEV_PER_FLOAT,0,2020
2594,PROTDEV_PROTECT_GEAR,0,2020
2595,PROTDEV_EYE_PROTECT,0,2020
2596,PROTDEV_CHILD_RESTRAINT,0,2020
2597,PROTDEV_HELMET,0,2020
2598,PROTDEV_AIRBAG_PRESENT,0,2020
2599,PROTDEV_PROTECT_CLOTH,0,2020
2600,PROTDEV_SHOULDER_BELT,0,2020
2601,PROTDEV_OTHER,0,2020
2602,PROTDEV_NA,0,2020
2603,PROTDEV_UK,0,2020
2604,CHILDSPECIFICRESTRAINT,0,2020
2605,AIRBAG_NOTDEPLOYED,0,2020
2606,AIRBAG_DEPLOYED_FRNT,0,2020
2607,AIRBAG_DEPLOYED_SIDE,0,2020
2608,AIRBAG_DEPLOYED_OTHER,0,2020
2609,AIRBAG_DEPLOYED_NA,0,2020
2610,AIRBAG_DEPLOYED_UK,0,2020
2611,TRANSPORTMODE,0,2020
2612,TRANSPORTMODE_BIU,0,2020
2613,TM_GROUNDAMBULANCE,0,2020
2614,TM_HELICOPTERAMBULANCE,0,2020
2615,TM_FIXEDWINGAMBULANCE,0,2020
2616,TM_PRIVPUBVEHWALKIN,0,2020
2617,TM_POLICE,0,2020
2618,TM_OTHER,0,2020
2619,TM_NA,0,2020
2620,TM_UK,0,2020
2621,EMSSBP,0,2020
2622,EMSSBP_BIU,0,2020
2623,EMSPULSERATE,0,2020
2624,EMSPULSERATE_BIU,0,2020
2625,EMSRESPIRATORYRATE,0,2020
2626,EMSRESPIRATORYRATE_BIU,0,2020
2627,EMSPULSEOXIMETRY,0,2020
2628,EMSPULSEOXIMETRY_BIU,0,2020
2629,EMSGCSEYE,0,2020
2630,EMSGCSEYE_BIU,0,2020
2631,EMSGCSMOTOR,0,2020
2632,EMSGCSMOTOR_BIU,0,2020
2633,EMSGCSVERBAL,0,2020
2634,EMSGCSVERBAL_BIU,0,2020
2635,EMSTOTALGCS,0,2020
2636,EMSTOTALGCS_BIU,0,2020
2637,EMSDispatchHrs,0,2020
2638,EMSDispatchDays,0,2020
2639,EMSDispatchDH_BIU,0,2020
2640,EMSDepartureHrs,0,2020
2641,EMSDepartureDays,0,2020
2642,EMSDepartureDH_BIU,0,2020
2643,EMSARRIVALHRS,0,2020
2644,EMSARRIVALDAYS,0,2020
2645,EMSARRIVALDH_BIU,0,2020
2646,INTERFACILITYTRANSFER,0,2020
2647,INTERFACILITYTRANSFER_BIU,0,2020
2648,PREHOSPITALCARDIACARREST,0,2020
2649,PREHOSPITALCARDIACARREST_BIU,0,2020
2650,TCCGCSLE13,0,2020
2651,TCCSBPLT30,0,2020
2652,TCC10RR29,0,2020
2653,TCCPEN,0,2020
2654,TCCCHEST,0,2020
2655,TCCLONGBONE,0,2020
2656,TCCCRUSHED,0,2020
2657,TCCAMPUTATION,0,2020
2658,TCCPELVIC,0,2020
2659,TCCSKULLFRACTURE,0,2020
2660,TCCPARALYSIS,0,2020
2661,TCC_NA,0,2020
2662,TCC_UK,0,2020
2663,VPOFALLADULT,0,2020
2664,VPOFALLCHILD,0,2020
2665,VPOCRASHINTRUSION,0,2020
2666,VPOCRASHEJECT,0,2020
2667,VPOCRASHDEATH,0,2020
2668,VPOCRASHTELEMETRY,0,2020
2669,VPOAUTOPEDIMPACT,0,2020
2670,VPOMOTORCYCLECRASH,0,2020
2671,VPO65SBP110,0,2020
2672,VPOANTICOAGULANT,0,2020
2673,VPOPREGNANCY20WKS,0,2020
2674,VPOEMSJUDGE,0,2020
2675,VPOBURNS,0,2020
2676,VPOTRAUMABURNS,0,2020
2677,VPO_NA,0,2020
2678,VPO_UK,0,2020
2679,EDDISCHARGEHRS,0,2020
2680,EDDISCHARGEDAYS,0,2020
2681,EDDISCHARGEDH_BIU,0,2020
2682,SBP,0,2020
2683,SBP_BIU,0,2020
2684,PULSERATE,0,2020
2685,PULSERATE_BIU,0,2020
2686,TEMPERATURE,0,2020
2687,TEMPERATURE_BIU,0,2020
2688,RESPIRATORYRATE,0,2020
2689,RESPIRATORYRATE_BIU,0,2020
2690,RESPIRATORYASSISTANCE,0,2020
2691,RESPIRATORYASSISTANCE_BIU,0,2020
2692,PULSEOXIMETRY,0,2020
2693,PULSEOXIMETRY_BIU,0,2020
2694,SUPPLEMENTALOXYGEN,0,2020
2695,SUPPLEMENTALOXYGEN_BIU,0,2020
2696,HEIGHT,0,2020
2697,HEIGHT_BIU,0,2020
2698,WEIGHT,0,2020
2699,WEIGHT_BIU,0,2020
2700,PRIMARYMETHODPAYMENT,0,2020
2701,PRIMARYMETHODPAYMENT_BIU,0,2020
2702,GCSEYE,0,2020
2703,GCSEYE_BIU,0,2020
2704,GCSVERBAL,0,2020
2705,GCSVERBAL_BIU,0,2020
2706,GCSMOTOR,0,2020
2707,GCSMOTOR_BIU,0,2020
2708,TOTALGCS,0,2020
2709,TOTALGCS_BIU,0,2020
2710,GCSQ_SEDATEDPARALYZED,0,2020
2711,GCSQ_EYEOBSTRUCTION,0,2020
2712,GCSQ_INTUBATED,0,2020
2713,GCSQ_VALID,0,2020
2714,GCSQ_NA,0,2020
2715,GCSQ_UK,0,2020
2716,DRGSCR_AMPHETAMINE,0,2020
2717,DRGSCR_BARBITURATE,0,2020
2718,DRGSCR_BENZODIAZEPINES,0,2020
2719,DRGSCR_COCAINE,0,2020
2720,DRGSCR_METHAMPHETAMINE,0,2020
2721,DRGSCR_ECSTASY,0,2020
2722,DRGSCR_METHADONE,0,2020
2723,DRGSCR_OPIOID,0,2020
2724,DRGSCR_OXYCODONE,0,2020
2725,DRGSCR_PHENCYCLIDINE,0,2020
2726,DRGSCR_TRICYCLICDEPRESS,0,2020
2727,DRGSCR_CANNABINOID,0,2020
2728,DRGSCR_OTHER,0,2020
2729,DRGSCR_NONE,0,2020
2730,DRGSCR_NOTTESTED,0,2020
2731,DRGSCR_UK,0,2020
2732,DRGSCR_NA,0,2020
2733,ALCOHOLSCREEN,0,2020
2734,ALCOHOLSCREEN_BIU,0,2020
2735,ALCOHOLSCREENRESULT,0,2020
2736,ALCOHOLSCREENRESULT_BIU,0,2020
2737,EDDISCHARGEDISPOSITION,0,2020
2738,EDDISCHARGEDISPOSITION_BIU,0,2020
2739,HOSPDISCHARGEDISPOSITION,0,2020
2740,HOSPDISCHARGEDISPOSITION_BIU,0,2020
2741,TOTALICULOS,0,2020
2742,TOTALICULOS_BIU,0,2020
2743,TOTALVENTDAYS,0,2020
2744,TOTALVENTDAYS_BIU,0,2020
2745,HOSPITALARRIVALHRS,0,2020
2746,HOSPITALARRIVALDAYS,0,2020
2747,HOSPITALARRIVALDH_BIU,0,2020
2748,FINALDISCHARGEHRS,0,2020
2749,FINALDISCHARGEDAYS,0,2020
2750,FINALDISCHARGEDH_BIU,0,2020
2751,TBIHIGHESTTOTALGCS,0,2020
2752,TBIHIGHESTTOTALGCS_BIU,0,2020
2753,TBIGCSMOTOR,0,2020
2754,TBIGCSMOTOR_BIU,0,2020
2755,PMGCSQ_SEDATEDPARALYZED,0,2020
2756,PMGCSQ_EYEOBSTRUCTION,0,2020
2757,PMGCSQ_INTUBATED,0,2020
2758,PMGCSQ_VALID,0,2020
2759,PMGCSQ_NA,0,2020
2760,PMGCSQ_UK,0,2020
2761,TBIPUPILLARYRESPONSE,0,2020
2762,TBIPUPILLARYRESPONSE_BIU,0,2020
2763,TBIMIDLINESHIFT,0,2020
2764,TBIMIDLINESHIFT_BIU,0,2020
2765,BLOOD4HOURS,0,2020
2766,BLOOD4HOURS_BIU,0,2020
2767,PLASMA4HOURS,0,2020
2768,PLASMA4HOURS_BIU,0,2020
2769,PLATELETS4HOURS,0,2020
2770,PLATELETS4HOURS_BIU,0,2020
2771,CRYOPRECIPITATE4HOURS,0,2020
2772,CRYOPRECIPITATE4HOURS_BIU,0,2020
2773,WHOLEBLOOD4HOURS,0,2020
2774,WHOLEBLOOD4HOURS_BIU,0,2020
2775,LOWESTSBP,0,2020
2776,LOWESTSBP_BIU,0,2020
2777,ESLIVER,0,2020
2778,ESSPLEEN,0,2020
2779,ESKIDNEY,0,2020
2780,ESPELVIS,0,2020
2781,ESRETROPERI,0,2020
2782,ESVASCULAR,0,2020
2783,ESOTHER,0,2020
2784,ES_UK,0,2020
2785,ES_NA,0,2020
2786,ANGIOGRAPHY,0,2020
2787,ANGIOGRAPHY_BIU,0,2020
2788,ANGIOGRAPHYHRS,0,2020
2789,ANGIOGRAPHYDAYS,0,2020
2790,ANGIOGRAPHYDH_BIU,0,2020
2791,HMRRHGCTRLSURGTYPE,0,2020
2792,HMRRHGCTRLSURGTYPE_BIU,0,2020
2793,HMRRHGCTRLSURGHRS,0,2020
2794,HMRRHGCTRLSURGDAYS,0,2020
2795,HMRRHGCTRLSURGDH_BIU,0,2020
2796,ICPEVDRAIN,0,2020
2797,ICPPARENCH,0,2020
2798,ICPO2MONITOR,0,2020
2799,ICPJVBULB,0,2020
2800,ICPNONE,0,2020
2801,ICP_NA,0,2020
2802,ICP_UK,0,2020
2803,TBICEREBRALMONITORHRS,0,2020
2804,TBICEREBRALMONITORDAYS,0,2020
2805,TBICEREBRALMONITORDH_BIU,0,2020
2806,VTEPROPHYLAXISTYPE,0,2020
2807,VTEPROPHYLAXISTYPE_BIU,0,2020
2808,VTEPROPHYLAXISHRS,0,2020
2809,VTEPROPHYLAXISDAYS,0,2020
2810,VTEPROPHYLAXISDH_BIU,0,2020
2811,WITHDRAWALLST,0,2020
2812,WITHDRAWALLST_BIU,0,2020
2813,WITHDRAWALLSTHRS,0,2020
2814,WITHDRAWALLSTDAYS,0,2020
2815,WITHDRAWALLSTDH_BIU,0,2020
2816,ANTIBIOTICTHERAPY,0,2020
2817,ANTIBIOTICTHERAPY_BIU,0,2020
2818,ANTIBIOTICTHERAPYHRS,0,2020
2819,ANTIBIOTICTHERAPYDAYS,0,2020
2820,ANTIBIOTICTHERAPYDH_BIU,0,2020
2821,ISS_05,0,2020
2822,EMSGCS40EYE,0,2020
2823,EMSGCS40EYE_BIU,0,2020
2824,EMSGCS40MOTOR,0,2020
2825,EMSGCS40MOTOR_BIU,0,2020
2826,EMSGCS40VERBAL,0,2020
2827,EMSGCS40VERBAL_BIU,0,2020
2828,GCS40EYE,0,2020
2829,GCS40EYE_BIU,0,2020
2830,GCS40MOTOR,0,2020
2831,GCS40MOTOR_BIU,0,2020
2832,GCS40VERBAL,0,2020
2833,GCS40VERBAL_BIU,0,2020
2834,TBIGCS40MOTOR,0,2020
2835,TBIGCS40MOTOR_BIU,0,2020
2836,TEACHINGSTATUS,0,2020
2837,HOSPITALTYPE,0,2020
2838,Bedsize,0,2020
2839,VERIFICATIONLEVEL,0,2020
2840,PEDIATRICVERIFICATIONLEVEL,0,2020
2841,STATEDESIGNATION,0,2020
2842,STATEPEDIATRICDESIGNATION,0,2020
2843,InpatientHrs,0,2020
2844,InpatientDays,0,2020
2845,InpatientDH_BIU,0,2020
2846,AIS15_PreDot,0,2020
2847,AIS15_Severity,0,2020
2848,AIS05_PreDot,0,2020
2849,AIS05_Severity,0,2020
2850,AIS_Description,0,2020
2851,inc_key,0,2020
2852,AISVersion,0,2020
2853,AISPreDot,0,2020
2854,AISSeverity,0,2020
2855,ICDPROCEDURECODE,0,2020
2856,ICDProcedureCode_Desc,0,2020
2857,ICD_VERSION,0,2020
2858,ECode,0,2020
2859,Ecode_Desc,0,2020
2860,INTENT,0,2020
2861,MECHANISM,0,2020
2862,TRAUMATYPE,0,2020
2863,ICD_VERSION,0,2020
2864,Inc_Key,0,2020
2865,ICDPROCEDURECODE,0,2020
2866,ICDProcedureVersion,0,2020
2867,HOSPITALPROCEDURESTARTHRS,0,2020
2868,HOSPITALPROCEDURESTARTDAYS,0,2020
2869,HOSPITALPROCEDURESTARTDH_BIU,0,2020
2870,inc_key,0,2020
2871,TQIPSITE,0,2020
2872,ADULTTQIP,0,2020
2873,PedsTQIP,0,2020
2874,L3TQIP,0,2020
2875,VARIABLE_NAME,0,2020
2876,CODE_TEXT,0,2020
2877,VALUE,0,2020
2878,Inc_Key,0,2020
2879,ICDDIAGNOSISCODE,0,2020
2880,ICDDIAGNOSISVERSION,0,2020
2881,ICDDIAGNOSISCODE,0,2020
2882,ICDDiagnosisCode_Desc,0,2020
2883,ICD_VERSION,0,2020
2884,Inc_Key,0,2020
2885,PREEXISTINGCONDITION,0,2020
2886,PREEXISTINGCONDITIONANSWER,0,2020
2887,PREEXISTINGCONDITIONANSWER_BIU,0,2020
2888,Inc_Key,0,2020
2889,HOSPITALEVENT,0,2020
2890,HOSPITALEVENTANSWER,0,2020
2891,HOSPITALEVENTANSWER_BIU,0,2020
2892,TableName,0,2020
2893,VariableName,0,2020
2894,Format,0,2020
2895,AISPREDOT,0,2020
2896,AISSEVERITY,0,2020
2897,AISDESCRIPTION,0,2020
2898,AISVERSION,0,2020
2899,ISSREGION,0,2020
2900,inc_key,0,2021
2901,SEX,0,2021
2902,SEX_BIU,0,2021
2903,AgeYears,0,2021
2904,AMERICANINDIAN,0,2021
2905,ASIAN,0,2021
2906,BLACK,0,2021
2907,PACIFICISLANDER,0,2021
2908,RACEOTHER,0,2021
2909,WHITE,0,2021
2910,RACE_NA,0,2021
2911,RACE_UK,0,2021
2912,ETHNICITY,0,2021
2913,ETHNICITY_BIU,0,2021
2914,WORKRELATED,0,2021
2915,WORKRELATED_BIU,0,2021
2916,PTOCCUPATIONALINDUSTRY,0,2021
2917,PTOCCUPATIONALINDUSTRY_BIU,0,2021
2918,PATIENTSOCCUPATION,0,2021
2919,PATIENTSOCCUPATION_BIU,0,2021
2920,PLACEOFINJURYCODE,0,2021
2921,PLACEOFINJURYCODE_BIU,0,2021
2922,PRIMARYECODEICD10,0,2021
2923,PRIMARYECODEICD10_BIU,0,2021
2924,ADDITIONALECODE1,0,2021
2925,ADDITIONALECODE1_BIU,0,2021
2926,ADDITIONALECODE2,0,2021
2927,ADDITIONALECODE2_BIU,0,2021
2928,PROTDEV_NONE,0,2021
2929,PROTDEV_LAP_BELT,0,2021
2930,PROTDEV_PER_FLOAT,0,2021
2931,PROTDEV_PROTECT_GEAR,0,2021
2932,PROTDEV_EYE_PROTECT,0,2021
2933,PROTDEV_CHILD_RESTRAINT,0,2021
2934,PROTDEV_HELMET,0,2021
2935,PROTDEV_AIRBAG_PRESENT,0,2021
2936,PROTDEV_PROTECT_CLOTH,0,2021
2937,PROTDEV_SHOULDER_BELT,0,2021
2938,PROTDEV_OTHER,0,2021
2939,PROTDEV_NA,0,2021
2940,PROTDEV_UK,0,2021
2941,CHILDSPECIFICRESTRAINT,0,2021
2942,AIRBAG_NOTDEPLOYED,0,2021
2943,AIRBAG_DEPLOYED_FRNT,0,2021
2944,AIRBAG_DEPLOYED_SIDE,0,2021
2945,AIRBAG_DEPLOYED_OTHER,0,2021
2946,AIRBAG_DEPLOYED_NA,0,2021
2947,AIRBAG_DEPLOYED_UK,0,2021
2948,TRANSPORTMODE,0,2021
2949,TRANSPORTMODE_BIU,0,2021
2950,TM_GROUNDAMBULANCE,0,2021
2951,TM_HELICOPTERAMBULANCE,0,2021
2952,TM_FIXEDWINGAMBULANCE,0,2021
2953,TM_PRIVPUBVEHWALKIN,0,2021
2954,TM_POLICE,0,2021
2955,TM_OTHER,0,2021
2956,TM_NA,0,2021
2957,TM_UK,0,2021
2958,INTERFACILITYTRANSFER,0,2021
2959,INTERFACILITYTRANSFER_BIU,0,2021
2960,PREHOSPITALCARDIACARREST,0,2021
2961,PREHOSPITALCARDIACARREST_BIU,0,2021
2962,EDDISCHARGEHRS,0,2021
2963,EDDISCHARGEDAYS,0,2021
2964,EDDISCHARGEDH_BIU,0,2021
2965,SBP,0,2021
2966,SBP_BIU,0,2021
2967,PULSERATE,0,2021
2968,PULSERATE_BIU,0,2021
2969,TEMPERATURE,0,2021
2970,TEMPERATURE_BIU,0,2021
2971,RESPIRATORYRATE,0,2021
2972,RESPIRATORYRATE_BIU,0,2021
2973,RESPIRATORYASSISTANCE,0,2021
2974,RESPIRATORYASSISTANCE_BIU,0,2021
2975,PULSEOXIMETRY,0,2021
2976,PULSEOXIMETRY_BIU,0,2021
2977,SUPPLEMENTALOXYGEN,0,2021
2978,SUPPLEMENTALOXYGEN_BIU,0,2021
2979,HEIGHT,0,2021
2980,HEIGHT_BIU,0,2021
2981,WEIGHT,0,2021
2982,WEIGHT_BIU,0,2021
2983,PRIMARYMETHODPAYMENT,0,2021
2984,PRIMARYMETHODPAYMENT_BIU,0,2021
2985,GCSEYE,0,2021
2986,GCSEYE_BIU,0,2021
2987,GCSVERBAL,0,2021
2988,GCSVERBAL_BIU,0,2021
2989,GCSMOTOR,0,2021
2990,GCSMOTOR_BIU,0,2021
2991,TOTALGCS,0,2021
2992,TOTALGCS_BIU,0,2021
2993,GCSQ_SEDATEDPARALYZED,0,2021
2994,GCSQ_EYEOBSTRUCTION,0,2021
2995,GCSQ_INTUBATED,0,2021
2996,GCSQ_VALID,0,2021
2997,GCSQ_NA,0,2021
2998,GCSQ_UK,0,2021
2999,DRGSCR_AMPHETAMINE,0,2021
3000,DRGSCR_BARBITURATE,0,2021
3001,DRGSCR_BENZODIAZEPINES,0,2021
3002,DRGSCR_COCAINE,0,2021
3003,DRGSCR_METHAMPHETAMINE,0,2021
3004,DRGSCR_ECSTASY,0,2021
3005,DRGSCR_METHADONE,0,2021
3006,DRGSCR_OPIOID,0,2021
3007,DRGSCR_OXYCODONE,0,2021
3008,DRGSCR_PHENCYCLIDINE,0,2021
3009,DRGSCR_TRICYCLICDEPRESS,0,2021
3010,DRGSCR_CANNABINOID,0,2021
3011,DRGSCR_OTHER,0,2021
3012,DRGSCR_NONE,0,2021
3013,DRGSCR_NOTTESTED,0,2021
3014,DRGSCR_UK,0,2021
3015,DRGSCR_NA,0,2021
3016,ALCOHOLSCREEN,0,2021
3017,ALCOHOLSCREEN_BIU,0,2021
3018,ALCOHOLSCREENRESULT,0,2021
3019,ALCOHOLSCREENRESULT_BIU,0,2021
3020,EDDISCHARGEDISPOSITION,0,2021
3021,EDDISCHARGEDISPOSITION_BIU,0,2021
3022,HOSPDISCHARGEDISPOSITION,0,2021
3023,HOSPDISCHARGEDISPOSITION_BIU,0,2021
3024,TOTALICULOS,0,2021
3025,TOTALICULOS_BIU,0,2021
3026,TOTALVENTDAYS,0,2021
3027,TOTALVENTDAYS_BIU,0,2021
3028,HOSPITALARRIVALHRS,0,2021
3029,HOSPITALARRIVALDAYS,0,2021
3030,HOSPITALARRIVALDH_BIU,0,2021
3031,INPATIENTHRS,0,2021
3032,INPATIENTDAYS,0,2021
3033,INPATIENTDH_BIU,0,2021
3034,FINALDISCHARGEHRS,0,2021
3035,FINALDISCHARGEDAYS,0,2021
3036,FINALDISCHARGEDH_BIU,0,2021
3037,TBIHIGHESTTOTALGCS,0,2021
3038,TBIHIGHESTTOTALGCS_BIU,0,2021
3039,TBIGCSMOTOR,0,2021
3040,TBIGCSMOTOR_BIU,0,2021
3041,PMGCSQ_SEDATEDPARALYZED,0,2021
3042,PMGCSQ_EYEOBSTRUCTION,0,2021
3043,PMGCSQ_INTUBATED,0,2021
3044,PMGCSQ_VALID,0,2021
3045,PMGCSQ_NA,0,2021
3046,PMGCSQ_UK,0,2021
3047,TBIPUPILLARYRESPONSE,0,2021
3048,TBIPUPILLARYRESPONSE_BIU,0,2021
3049,TBIMIDLINESHIFT,0,2021
3050,TBIMIDLINESHIFT_BIU,0,2021
3051,BLOOD4HOURS,0,2021
3052,BLOOD4HOURS_BIU,0,2021
3053,PLASMA4HOURS,0,2021
3054,PLASMA4HOURS_BIU,0,2021
3055,PLATELETS4HOURS,0,2021
3056,PLATELETS4HOURS_BIU,0,2021
3057,CRYOPRECIPITATE4HOURS,0,2021
3058,CRYOPRECIPITATE4HOURS_BIU,0,2021
3059,WHOLEBLOOD4HOURS,0,2021
3060,WHOLEBLOOD4HOURS_BIU,0,2021
3061,LOWESTSBP,0,2021
3062,LOWESTSBP_BIU,0,2021
3063,ESLIVER,0,2021
3064,ESSPLEEN,0,2021
3065,ESKIDNEY,0,2021
3066,ESPELVIS,0,2021
3067,ESRETROPERI,0,2021
3068,ESVASCULAR,0,2021
3069,ESOTHER,0,2021
3070,ES_UK,0,2021
3071,ES_NA,0,2021
3072,ANGIOGRAPHY,0,2021
3073,ANGIOGRAPHY_BIU,0,2021
3074,ANGIOGRAPHYHRS,0,2021
3075,ANGIOGRAPHYDAYS,0,2021
3076,ANGIOGRAPHYDH_BIU,0,2021
3077,HMRRHGCTRLSURGTYPE,0,2021
3078,HMRRHGCTRLSURGTYPE_BIU,0,2021
3079,HMRRHGCTRLSURGHRS,0,2021
3080,HMRRHGCTRLSURGDAYS,0,2021
3081,HMRRHGCTRLSURGDH_BIU,0,2021
3082,ICPEVDRAIN,0,2021
3083,ICPPARENCH,0,2021
3084,ICPO2MONITOR,0,2021
3085,ICPJVBULB,0,2021
3086,ICPNONE,0,2021
3087,ICP_NA,0,2021
3088,ICP_UK,0,2021
3089,TBICEREBRALMONITORHRS,0,2021
3090,TBICEREBRALMONITORDAYS,0,2021
3091,TBICEREBRALMONITORDH_BIU,0,2021
3092,VTEPROPHYLAXISTYPE,0,2021
3093,VTEPROPHYLAXISTYPE_BIU,0,2021
3094,VTEPROPHYLAXISHRS,0,2021
3095,VTEPROPHYLAXISDAYS,0,2021
3096,VTEPROPHYLAXISDH_BIU,0,2021
3097,WITHDRAWALLST,0,2021
3098,WITHDRAWALLST_BIU,0,2021
3099,WITHDRAWALLSTHRS,0,2021
3100,WITHDRAWALLSTDAYS,0,2021
3101,WITHDRAWALLSTDH_BIU,0,2021
3102,ANTIBIOTICTHERAPY,0,2021
3103,ANTIBIOTICTHERAPY_BIU,0,2021
3104,ANTIBIOTICTHERAPYHRS,0,2021
3105,ANTIBIOTICTHERAPYDAYS,0,2021
3106,ANTIBIOTICTHERAPYDH_BIU,0,2021
3107,ISS,0,2021
3108,ISSVersion,0,2021
3109,TRAUMASURGEONARRIVALHRS,0,2021
3110,TRAUMASURGEONARRIVALDAYS,0,2021
3111,TRAUMASURGEONARRIVALDH_BIU,0,2021
3112,HIGHESTACTIVATION,0,2021
3113,HIGHESTACTIVATION_BIU,0,2021
3114,HOMERESIDENCE_HOMELESS,0,2021
3115,HOMERESIDENCE_UK,0,2021
3116,HOMERESIDENCE_NA,0,2021
3117,HomeResidence_Other,0,2021
3118,GCS40EYE,0,2021
3119,GCS40EYE_BIU,0,2021
3120,GCS40MOTOR,0,2021
3121,GCS40MOTOR_BIU,0,2021
3122,GCS40VERBAL,0,2021
3123,GCS40VERBAL_BIU,0,2021
3124,TBIGCS40MOTOR,0,2021
3125,TBIGCS40MOTOR_BIU,0,2021
3126,TEACHINGSTATUS,0,2021
3127,HOSPITALTYPE,0,2021
3128,Bedsize,0,2021
3129,VERIFICATIONLEVEL,0,2021
3130,PEDIATRICVERIFICATIONLEVEL,0,2021
3131,STATEDESIGNATION,0,2021
3132,STATEPEDIATRICDESIGNATION,0,2021
3133,AIS15_PreDot,0,2021
3134,AIS15_Severity,0,2021
3135,AIS05_PreDot,0,2021
3136,AIS05_Severity,0,2021
3137,AIS_Description,0,2021
3138,inc_key,0,2021
3139,AISVersion,0,2021
3140,AISPreDot,0,2021
3141,AISSeverity,0,2021
3142,ICDPROCEDURECODE,0,2021
3143,ICDProcedureCode_Desc,0,2021
3144,ICD_VERSION,0,2021
3145,ECode,0,2021
3146,Ecode_Desc,0,2021
3147,INTENT,0,2021
3148,MECHANISM,0,2021
3149,TRAUMATYPE,0,2021
3150,ICD_VERSION,0,2021
3151,Inc_Key,0,2021
3152,ICDPROCEDURECODE,0,2021
3153,ICDProcedureVersion,0,2021
3154,HOSPITALPROCEDURESTARTHRS,0,2021
3155,HOSPITALPROCEDURESTARTDAYS,0,2021
3156,HOSPITALPROCEDURESTARTDH_BIU,0,2021
3157,inc_key,0,2021
3158,TQIPSITE,0,2021
3159,ADULTTQIP,0,2021
3160,PedsTQIP,0,2021
3161,L3TQIP,0,2021
3162,FmtName,0,2021
3163,Start,0,2021
3164,End,0,2021
3165,Label,0,2021
3166,Inc_Key,0,2021
3167,ICDDIAGNOSISCODE,0,2021
3168,ICDDIAGNOSISVERSION,0,2021
3169,ICDDIAGNOSISCODE,0,2021
3170,ICDDiagnosisCode_Desc,0,2021
3171,ICD_VERSION,0,2021
3172,Inc_Key,0,2021
3173,PREEXISTINGCONDITION,0,2021
3174,PREEXISTINGCONDITIONANSWER,0,2021
3175,PREEXISTINGCONDITIONANSWER_BIU,0,2021
3176,Inc_Key,0,2021
3177,HOSPITALEVENT,0,2021
3178,HOSPITALEVENTANSWER,0,2021
3179,HOSPITALEVENTANSWER_BIU,0,2021
3180,TableName,0,2021
3181,VariableName,0,2021
3182,Format,0,2021
3183,AISPREDOT,0,2021
3184,AISSEVERITY,0,2021
3185,AISDESCRIPTION,0,2021
3186,AISVERSION,0,2021
3187,ISSREGION,0,2021
3188,inc_key,0,2022
3189,SEX,0,2022
3190,SEX_BIU,0,2022
3191,AgeYears,0,2022
3192,AMERICANINDIAN,0,2022
3193,ASIAN,0,2022
3194,BLACK,0,2022
3195,PACIFICISLANDER,0,2022
3196,RACEOTHER,0,2022
3197,WHITE,0,2022
3198,RACE_NA,0,2022
3199,RACE_UK,0,2022
3200,ETHNICITY,0,2022
3201,ETHNICITY_BIU,0,2022
3202,WORKRELATED,0,2022
3203,WORKRELATED_BIU,0,2022
3204,PTOCCUPATIONALINDUSTRY,0,2022
3205,PTOCCUPATIONALINDUSTRY_BIU,0,2022
3206,PATIENTSOCCUPATION,0,2022
3207,PATIENTSOCCUPATION_BIU,0,2022
3208,PLACEOFINJURYCODE,0,2022
3209,PLACEOFINJURYCODE_BIU,0,2022
3210,PRIMARYECODEICD10,0,2022
3211,PRIMARYECODEICD10_BIU,0,2022
3212,ADDITIONALECODE1,0,2022
3213,ADDITIONALECODE1_BIU,0,2022
3214,ADDITIONALECODE2,0,2022
3215,ADDITIONALECODE2_BIU,0,2022
3216,PROTDEV_NONE,0,2022
3217,PROTDEV_LAP_BELT,0,2022
3218,PROTDEV_PER_FLOAT,0,2022
3219,PROTDEV_PROTECT_GEAR,0,2022
3220,PROTDEV_EYE_PROTECT,0,2022
3221,PROTDEV_CHILD_RESTRAINT,0,2022
3222,PROTDEV_HELMET,0,2022
3223,PROTDEV_AIRBAG_PRESENT,0,2022
3224,PROTDEV_PROTECT_CLOTH,0,2022
3225,PROTDEV_SHOULDER_BELT,0,2022
3226,PROTDEV_OTHER,0,2022
3227,PROTDEV_NA,0,2022
3228,PROTDEV_UK,0,2022
3229,CHILDSPECIFICRESTRAINT,0,2022
3230,AIRBAG_NOTDEPLOYED,0,2022
3231,AIRBAG_DEPLOYED_FRNT,0,2022
3232,AIRBAG_DEPLOYED_SIDE,0,2022
3233,AIRBAG_DEPLOYED_OTHER,0,2022
3234,AIRBAG_DEPLOYED_NA,0,2022
3235,AIRBAG_DEPLOYED_UK,0,2022
3236,TRANSPORTMODE,0,2022
3237,TRANSPORTMODE_BIU,0,2022
3238,TM_GROUNDAMBULANCE,0,2022
3239,TM_HELICOPTERAMBULANCE,0,2022
3240,TM_FIXEDWINGAMBULANCE,0,2022
3241,TM_PRIVPUBVEHWALKIN,0,2022
3242,TM_POLICE,0,2022
3243,TM_OTHER,0,2022
3244,TM_NA,0,2022
3245,TM_UK,0,2022
3246,INTERFACILITYTRANSFER,0,2022
3247,INTERFACILITYTRANSFER_BIU,0,2022
3248,PREHOSPITALCARDIACARREST,0,2022
3249,PREHOSPITALCARDIACARREST_BIU,0,2022
3250,EDDISCHARGEHRS,0,2022
3251,EDDISCHARGEDAYS,0,2022
3252,EDDISCHARGEDH_BIU,0,2022
3253,SBP,0,2022
3254,SBP_BIU,0,2022
3255,PULSERATE,0,2022
3256,PULSERATE_BIU,0,2022
3257,TEMPERATURE,0,2022
3258,TEMPERATURE_BIU,0,2022
3259,RESPIRATORYRATE,0,2022
3260,RESPIRATORYRATE_BIU,0,2022
3261,RESPIRATORYASSISTANCE,0,2022
3262,RESPIRATORYASSISTANCE_BIU,0,2022
3263,PULSEOXIMETRY,0,2022
3264,PULSEOXIMETRY_BIU,0,2022
3265,SUPPLEMENTALOXYGEN,0,2022
3266,SUPPLEMENTALOXYGEN_BIU,0,2022
3267,HEIGHT,0,2022
3268,HEIGHT_BIU,0,2022
3269,WEIGHT,0,2022
3270,WEIGHT_BIU,0,2022
3271,PRIMARYMETHODPAYMENT,0,2022
3272,PRIMARYMETHODPAYMENT_BIU,0,2022
3273,GCSEYE,0,2022
3274,GCSEYE_BIU,0,2022
3275,GCSVERBAL,0,2022
3276,GCSVERBAL_BIU,0,2022
3277,GCSMOTOR,0,2022
3278,GCSMOTOR_BIU,0,2022
3279,TOTALGCS,0,2022
3280,TOTALGCS_BIU,0,2022
3281,GCSQ_SEDATEDPARALYZED,0,2022
3282,GCSQ_EYEOBSTRUCTION,0,2022
3283,GCSQ_INTUBATED,0,2022
3284,GCSQ_VALID,0,2022
3285,GCSQ_NA,0,2022
3286,GCSQ_UK,0,2022
3287,DRGSCR_AMPHETAMINE,0,2022
3288,DRGSCR_BARBITURATE,0,2022
3289,DRGSCR_BENZODIAZEPINES,0,2022
3290,DRGSCR_COCAINE,0,2022
3291,DRGSCR_METHAMPHETAMINE,0,2022
3292,DRGSCR_ECSTASY,0,2022
3293,DRGSCR_METHADONE,0,2022
3294,DRGSCR_OPIOID,0,2022
3295,DRGSCR_OXYCODONE,0,2022
3296,DRGSCR_PHENCYCLIDINE,0,2022
3297,DRGSCR_TRICYCLICDEPRESS,0,2022
3298,DRGSCR_CANNABINOID,0,2022
3299,DRGSCR_OTHER,0,2022
3300,DRGSCR_NONE,0,2022
3301,DRGSCR_NOTTESTED,0,2022
3302,DRGSCR_UK,0,2022
3303,DRGSCR_NA,0,2022
3304,ALCOHOLSCREEN,0,2022
3305,ALCOHOLSCREEN_BIU,0,2022
3306,ALCOHOLSCREENRESULT,0,2022
3307,ALCOHOLSCREENRESULT_BIU,0,2022
3308,EDDISCHARGEDISPOSITION,0,2022
3309,EDDISCHARGEDISPOSITION_BIU,0,2022
3310,HOSPDISCHARGEDISPOSITION,0,2022
3311,HOSPDISCHARGEDISPOSITION_BIU,0,2022
3312,TOTALICULOS,0,2022
3313,TOTALICULOS_BIU,0,2022
3314,TOTALVENTDAYS,0,2022
3315,TOTALVENTDAYS_BIU,0,2022
3316,HOSPITALARRIVALHRS,0,2022
3317,HOSPITALARRIVALDAYS,0,2022
3318,HOSPITALARRIVALDH_BIU,0,2022
3319,INPATIENTHRS,0,2022
3320,INPATIENTDAYS,0,2022
3321,INPATIENTDH_BIU,0,2022
3322,FINALDISCHARGEHRS,0,2022
3323,FINALDISCHARGEDAYS,0,2022
3324,FINALDISCHARGEDH_BIU,0,2022
3325,TBIHIGHESTTOTALGCS,0,2022
3326,TBIHIGHESTTOTALGCS_BIU,0,2022
3327,TBIGCSMOTOR,0,2022
3328,TBIGCSMOTOR_BIU,0,2022
3329,PMGCSQ_SEDATEDPARALYZED,0,2022
3330,PMGCSQ_EYEOBSTRUCTION,0,2022
3331,PMGCSQ_INTUBATED,0,2022
3332,PMGCSQ_VALID,0,2022
3333,PMGCSQ_NA,0,2022
3334,PMGCSQ_UK,0,2022
3335,TBIPUPILLARYRESPONSE,0,2022
3336,TBIPUPILLARYRESPONSE_BIU,0,2022
3337,TBIMIDLINESHIFT,0,2022
3338,TBIMIDLINESHIFT_BIU,0,2022
3339,BLOOD4HOURS,0,2022
3340,BLOOD4HOURS_BIU,0,2022
3341,PLASMA4HOURS,0,2022
3342,PLASMA4HOURS_BIU,0,2022
3343,PLATELETS4HOURS,0,2022
3344,PLATELETS4HOURS_BIU,0,2022
3345,CRYOPRECIPITATE4HOURS,0,2022
3346,CRYOPRECIPITATE4HOURS_BIU,0,2022
3347,WHOLEBLOOD4HOURS,0,2022
3348,WHOLEBLOOD4HOURS_BIU,0,2022
3349,ESLIVER,0,2022
3350,ESSPLEEN,0,2022
3351,ESKIDNEY,0,2022
3352,ESPELVIS,0,2022
3353,ESRETROPERI,0,2022
3354,ESVASCULAR,0,2022
3355,ESOTHER,0,2022
3356,ES_UK,0,2022
3357,ES_NA,0,2022
3358,ANGIOGRAPHY,0,2022
3359,ANGIOGRAPHY_BIU,0,2022
3360,ANGIOGRAPHYHRS,0,2022
3361,ANGIOGRAPHYDAYS,0,2022
3362,ANGIOGRAPHYDH_BIU,0,2022
3363,HMRRHGCTRLSURGTYPE,0,2022
3364,HMRRHGCTRLSURGTYPE_BIU,0,2022
3365,HMRRHGCTRLSURGHRS,0,2022
3366,HMRRHGCTRLSURGDAYS,0,2022
3367,HMRRHGCTRLSURGDH_BIU,0,2022
3368,ICPEVDRAIN,0,2022
3369,ICPPARENCH,0,2022
3370,ICPO2MONITOR,0,2022
3371,ICPJVBULB,0,2022
3372,ICPNONE,0,2022
3373,ICP_NA,0,2022
3374,ICP_UK,0,2022
3375,TBICEREBRALMONITORHRS,0,2022
3376,TBICEREBRALMONITORDAYS,0,2022
3377,TBICEREBRALMONITORDH_BIU,0,2022
3378,VTEPROPHYLAXISTYPE,0,2022
3379,VTEPROPHYLAXISTYPE_BIU,0,2022
3380,VTEPROPHYLAXISHRS,0,2022
3381,VTEPROPHYLAXISDAYS,0,2022
3382,VTEPROPHYLAXISDH_BIU,0,2022
3383,WITHDRAWALLST,0,2022
3384,WITHDRAWALLST_BIU,0,2022
3385,WITHDRAWALLSTHRS,0,2022
3386,WITHDRAWALLSTDAYS,0,2022
3387,WITHDRAWALLSTDH_BIU,0,2022
3388,ANTIBIOTICTHERAPY,0,2022
3389,ANTIBIOTICTHERAPY_BIU,0,2022
3390,ANTIBIOTICTHERAPYHRS,0,2022
3391,ANTIBIOTICTHERAPYDAYS,0,2022
3392,ANTIBIOTICTHERAPYDH_BIU,0,2022
3393,ISS,0,2022
3394,ISSVersion,0,2022
3395,TRAUMASURGEONARRIVALHRS,0,2022
3396,TRAUMASURGEONARRIVALDAYS,0,2022
3397,TRAUMASURGEONARRIVALDH_BIU,0,2022
3398,HIGHESTACTIVATION,0,2022
3399,HIGHESTACTIVATION_BIU,0,2022
3400,HOMERESIDENCE_HOMELESS,0,2022
3401,HOMERESIDENCE_UK,0,2022
3402,HOMERESIDENCE_NA,0,2022
3403,HomeResidence_Other,0,2022
3404,GCS40EYE,0,2022
3405,GCS40EYE_BIU,0,2022
3406,GCS40MOTOR,0,2022
3407,GCS40MOTOR_BIU,0,2022
3408,GCS40VERBAL,0,2022
3409,GCS40VERBAL_BIU,0,2022
3410,TBIGCS40MOTOR,0,2022
3411,TBIGCS40MOTOR_BIU,0,2022
3412,TEACHINGSTATUS,0,2022
3413,HOSPITALTYPE,0,2022
3414,Bedsize,0,2022
3415,VERIFICATIONLEVEL,0,2022
3416,PEDIATRICVERIFICATIONLEVEL,0,2022
3417,STATEDESIGNATION,0,2022
3418,STATEPEDIATRICDESIGNATION,0,2022
3419,AIS15_PreDot,0,2022
3420,AIS15_Severity,0,2022
3421,AIS05_PreDot,0,2022
3422,AIS05_Severity,0,2022
3423,AIS_Description,0,2022
3424,inc_key,0,2022
3425,AISVersion,0,2022
3426,AISPreDot,0,2022
3427,AISSeverity,0,2022
3428,ICDPROCEDURECODE,0,2022
3429,ICDProcedureCode_Desc,0,2022
3430,ICD_VERSION,0,2022
3431,ECode,0,2022
3432,Ecode_Desc,0,2022
3433,INTENT,0,2022
3434,MECHANISM,0,2022
3435,TRAUMATYPE,0,2022
3436,ICD_VERSION,0,2022
3437,Inc_Key,0,2022
3438,ICDPROCEDURECODE,0,2022
3439,ICDProcedureVersion,0,2022
3440,HOSPITALPROCEDURESTARTHRS,0,2022
3441,HOSPITALPROCEDURESTARTDAYS,0,2022
3442,HOSPITALPROCEDURESTARTDH_BIU,0,2022
3443,inc_key,0,2022
3444,TQIPSITE,0,2022
3445,ADULTTQIP,0,2022
3446,PedsTQIP,0,2022
3447,L3TQIP,0,2022
3448,FmtName,0,2022
3449,Start,0,2022
3450,End,0,2022
3451,Label,0,2022
3452,Inc_Key,0,2022
3453,ICDDIAGNOSISCODE,0,2022
3454,ICDDIAGNOSISVERSION,0,2022
3455,ICDDIAGNOSISCODE,0,2022
3456,ICDDiagnosisCode_Desc,0,2022
3457,ICD_VERSION,0,2022
3458,Inc_Key,0,2022
3459,PREEXISTINGCONDITION,0,2022
3460,PREEXISTINGCONDITIONANSWER,0,2022
3461,PREEXISTINGCONDITIONANSWER_BIU,0,2022
3462,Inc_Key,0,2022
3463,HOSPITALEVENT,0,2022
3464,HOSPITALEVENTANSWER,0,2022
3465,HOSPITALEVENTANSWER_BIU,0,2022
3466,TableName,0,2022
3467,VariableName,0,2022
3468,Format,0,2022
3469,AISPREDOT,0,2022
3470,AISSEVERITY,0,2022
3471,AISDESCRIPTION,0,2022
3472,AISVERSION,0,2022
3473,ISSREGION,0,2022
